{
    "total": [
        {
            "id": "100085881027143",
            "count": 0,
            "lastInteraction": null
        },
        {
            "id": "100065103737065",
            "count": 2,
            "lastInteraction": 1724893236050
        },
        {
            "id": "61562234177701",
            "count": 0,
            "lastInteraction": null
        },
        {
            "id": "100026837451930",
            "count": 0,
            "lastInteraction": null
        },
        {
            "id": "61559010016686",
            "count": 0,
            "lastInteraction": null
        },
        {
            "id": "61553363446095",
            "count": 0,
            "lastInteraction": null
        },
        {
            "id": "100057518017266",
            "count": 0,
            "lastInteraction": null
        },
        {
            "id": "100077360444003",
            "count": 0,
            "lastInteraction": null
        },
        {
            "id": "100071659126730",
            "count": 0,
            "lastInteraction": null
        },
        {
            "id": "100087114740054",
            "count": 0,
            "lastInteraction": null
        },
        {
            "id": "100059713074145",
            "count": 0,
            "lastInteraction": null
        },
        {
            "id": "100066814045060",
            "count": 0,
            "lastInteraction": null
        },
        {
            "id": "61553267648267",
            "count": 0,
            "lastInteraction": null
        },
        {
            "id": "61554597753770",
            "count": 0,
            "lastInteraction": null
        },
        {
            "id": "61558577429002",
            "count": 0,
            "lastInteraction": null
        },
        {
            "id": "100022223612788",
            "count": 0,
            "lastInteraction": null
        },
        {
            "id": "61552481287097",
            "count": 0,
            "lastInteraction": null
        },
        {
            "id": "100004080840571",
            "count": 0,
            "lastInteraction": null
        },
        {
            "id": "61554947435111",
            "count": 0,
            "lastInteraction": null
        },
        {
            "id": "100091797262196",
            "count": 0,
            "lastInteraction": null
        },
        {
            "id": "100026973343160",
            "count": 0,
            "lastInteraction": null
        },
        {
            "id": "100032998935971",
            "count": 0,
            "lastInteraction": null
        },
        {
            "id": "100027237458057",
            "count": 0,
            "lastInteraction": null
        },
        {
            "id": "100082263287929",
            "count": 0,
            "lastInteraction": null
        },
        {
            "id": "100090080109649",
            "count": 0,
            "lastInteraction": null
        },
        {
            "id": "61555218173965",
            "count": 0,
            "lastInteraction": null
        },
        {
            "id": "100040223251471",
            "count": 0,
            "lastInteraction": null
        },
        {
            "id": "100076290976962",
            "count": 5,
            "lastInteraction": 1724893228816
        },
        {
            "id": "61556550188470",
            "count": 0,
            "lastInteraction": null
        },
        {
            "id": "61559087393171",
            "count": 0,
            "lastInteraction": null
        },
        {
            "id": "100053366084868",
            "count": 0,
            "lastInteraction": null
        },
        {
            "id": "100037318427730",
            "count": 0,
            "lastInteraction": null
        },
        {
            "id": "100089077390311",
            "count": 0,
            "lastInteraction": null
        },
        {
            "id": "100085074442255",
            "count": 0,
            "lastInteraction": null
        },
        {
            "id": "100022030711103",
            "count": 0,
            "lastInteraction": null
        },
        {
            "id": "100090535053258",
            "count": 0,
            "lastInteraction": null
        },
        {
            "id": "100086679076920",
            "count": 0,
            "lastInteraction": null
        },
        {
            "id": "61564816293230",
            "count": 0,
            "lastInteraction": null
        },
        {
            "id": "100034971489064",
            "count": 0,
            "lastInteraction": null
        },
        {
            "id": "100065931241359",
            "count": 0,
            "lastInteraction": null
        },
        {
            "id": "100087712074321",
            "count": 0,
            "lastInteraction": null
        },
        {
            "id": "100073560428262",
            "count": 0,
            "lastInteraction": null
        },
        {
            "id": "100026039850085",
            "count": 0,
            "lastInteraction": null
        },
        {
            "id": "100034913404881",
            "count": 0,
            "lastInteraction": null
        },
        {
            "id": "100008722630989",
            "count": 0,
            "lastInteraction": null
        },
        {
            "id": "100066972160365",
            "count": 0,
            "lastInteraction": null
        },
        {
            "id": "100049442406508",
            "count": 0,
            "lastInteraction": null
        },
        {
            "id": "100087128565622",
            "count": 0,
            "lastInteraction": null
        },
        {
            "id": "61564884756626",
            "count": 0,
            "lastInteraction": null
        },
        {
            "id": "100077018405888",
            "count": 0,
            "lastInteraction": null
        },
        {
            "id": "100076671529372",
            "count": 0,
            "lastInteraction": null
        },
        {
            "id": "61563317642679",
            "count": 0,
            "lastInteraction": null
        },
        {
            "id": "100085847084395",
            "count": 0,
            "lastInteraction": null
        },
        {
            "id": "100085928150805",
            "count": 0,
            "lastInteraction": null
        },
        {
            "id": "100067128708998",
            "count": 0,
            "lastInteraction": null
        },
        {
            "id": "100081142720795",
            "count": 0,
            "lastInteraction": null
        },
        {
            "id": "61558117404405",
            "count": 0,
            "lastInteraction": null
        },
        {
            "id": "100091982267350",
            "count": 0,
            "lastInteraction": null
        },
        {
            "id": "100080922802311",
            "count": 0,
            "lastInteraction": null
        },
        {
            "id": "100089974485166",
            "count": 0,
            "lastInteraction": null
        },
        {
            "id": "61565450240118",
            "count": 0,
            "lastInteraction": null
        },
        {
            "id": "100017272117195",
            "count": 0,
            "lastInteraction": null
        }
    ],
    "week": [
        {
            "id": "100085881027143",
            "count": 0,
            "lastInteraction": null
        },
        {
            "id": "100065103737065",
            "count": 2,
            "lastInteraction": 1724893236050
        },
        {
            "id": "61562234177701",
            "count": 0,
            "lastInteraction": null
        },
        {
            "id": "100026837451930",
            "count": 0,
            "lastInteraction": null
        },
        {
            "id": "61559010016686",
            "count": 0,
            "lastInteraction": null
        },
        {
            "id": "61553363446095",
            "count": 0,
            "lastInteraction": null
        },
        {
            "id": "100057518017266",
            "count": 0,
            "lastInteraction": null
        },
        {
            "id": "100077360444003",
            "count": 0,
            "lastInteraction": null
        },
        {
            "id": "100071659126730",
            "count": 0,
            "lastInteraction": null
        },
        {
            "id": "100087114740054",
            "count": 0,
            "lastInteraction": null
        },
        {
            "id": "100059713074145",
            "count": 0,
            "lastInteraction": null
        },
        {
            "id": "100066814045060",
            "count": 0,
            "lastInteraction": null
        },
        {
            "id": "61553267648267",
            "count": 0,
            "lastInteraction": null
        },
        {
            "id": "61554597753770",
            "count": 0,
            "lastInteraction": null
        },
        {
            "id": "61558577429002",
            "count": 0,
            "lastInteraction": null
        },
        {
            "id": "100022223612788",
            "count": 0,
            "lastInteraction": null
        },
        {
            "id": "61552481287097",
            "count": 0,
            "lastInteraction": null
        },
        {
            "id": "100004080840571",
            "count": 0,
            "lastInteraction": null
        },
        {
            "id": "61554947435111",
            "count": 0,
            "lastInteraction": null
        },
        {
            "id": "100091797262196",
            "count": 0,
            "lastInteraction": null
        },
        {
            "id": "100026973343160",
            "count": 0,
            "lastInteraction": null
        },
        {
            "id": "100032998935971",
            "count": 0,
            "lastInteraction": null
        },
        {
            "id": "100027237458057",
            "count": 0,
            "lastInteraction": null
        },
        {
            "id": "100082263287929",
            "count": 0,
            "lastInteraction": null
        },
        {
            "id": "100090080109649",
            "count": 0,
            "lastInteraction": null
        },
        {
            "id": "61555218173965",
            "count": 0,
            "lastInteraction": null
        },
        {
            "id": "100040223251471",
            "count": 0,
            "lastInteraction": null
        },
        {
            "id": "100076290976962",
            "count": 5,
            "lastInteraction": 1724893228816
        },
        {
            "id": "61556550188470",
            "count": 0,
            "lastInteraction": null
        },
        {
            "id": "61559087393171",
            "count": 0,
            "lastInteraction": null
        },
        {
            "id": "100053366084868",
            "count": 0,
            "lastInteraction": null
        },
        {
            "id": "100037318427730",
            "count": 0,
            "lastInteraction": null
        },
        {
            "id": "100089077390311",
            "count": 0,
            "lastInteraction": null
        },
        {
            "id": "100085074442255",
            "count": 0,
            "lastInteraction": null
        },
        {
            "id": "100022030711103",
            "count": 0,
            "lastInteraction": null
        },
        {
            "id": "100090535053258",
            "count": 0,
            "lastInteraction": null
        },
        {
            "id": "100086679076920",
            "count": 0,
            "lastInteraction": null
        },
        {
            "id": "61564816293230",
            "count": 0,
            "lastInteraction": null
        },
        {
            "id": "100034971489064",
            "count": 0,
            "lastInteraction": null
        },
        {
            "id": "100065931241359",
            "count": 0,
            "lastInteraction": null
        },
        {
            "id": "100087712074321",
            "count": 0,
            "lastInteraction": null
        },
        {
            "id": "100073560428262",
            "count": 0,
            "lastInteraction": null
        },
        {
            "id": "100026039850085",
            "count": 0,
            "lastInteraction": null
        },
        {
            "id": "100034913404881",
            "count": 0,
            "lastInteraction": null
        },
        {
            "id": "100008722630989",
            "count": 0,
            "lastInteraction": null
        },
        {
            "id": "100066972160365",
            "count": 0,
            "lastInteraction": null
        },
        {
            "id": "100049442406508",
            "count": 0,
            "lastInteraction": null
        },
        {
            "id": "100087128565622",
            "count": 0,
            "lastInteraction": null
        },
        {
            "id": "61564884756626",
            "count": 0,
            "lastInteraction": null
        },
        {
            "id": "100077018405888",
            "count": 0,
            "lastInteraction": null
        },
        {
            "id": "100076671529372",
            "count": 0,
            "lastInteraction": null
        },
        {
            "id": "61563317642679",
            "count": 0,
            "lastInteraction": null
        },
        {
            "id": "100085847084395",
            "count": 0,
            "lastInteraction": null
        },
        {
            "id": "100085928150805",
            "count": 0,
            "lastInteraction": null
        },
        {
            "id": "100067128708998",
            "count": 0,
            "lastInteraction": null
        },
        {
            "id": "100081142720795",
            "count": 0,
            "lastInteraction": null
        },
        {
            "id": "61558117404405",
            "count": 0,
            "lastInteraction": null
        },
        {
            "id": "100091982267350",
            "count": 0,
            "lastInteraction": null
        },
        {
            "id": "100080922802311",
            "count": 0,
            "lastInteraction": null
        },
        {
            "id": "100089974485166",
            "count": 0,
            "lastInteraction": null
        },
        {
            "id": "61565450240118",
            "count": 0,
            "lastInteraction": null
        },
        {
            "id": "100017272117195",
            "count": 0,
            "lastInteraction": null
        }
    ],
    "day": [
        {
            "id": "100085881027143",
            "count": 0,
            "lastInteraction": null
        },
        {
            "id": "100065103737065",
            "count": 2,
            "lastInteraction": 1724893236050
        },
        {
            "id": "61562234177701",
            "count": 0,
            "lastInteraction": null
        },
        {
            "id": "100026837451930",
            "count": 0,
            "lastInteraction": null
        },
        {
            "id": "61559010016686",
            "count": 0,
            "lastInteraction": null
        },
        {
            "id": "61553363446095",
            "count": 0,
            "lastInteraction": null
        },
        {
            "id": "100057518017266",
            "count": 0,
            "lastInteraction": null
        },
        {
            "id": "100077360444003",
            "count": 0,
            "lastInteraction": null
        },
        {
            "id": "100071659126730",
            "count": 0,
            "lastInteraction": null
        },
        {
            "id": "100087114740054",
            "count": 0,
            "lastInteraction": null
        },
        {
            "id": "100059713074145",
            "count": 0,
            "lastInteraction": null
        },
        {
            "id": "100066814045060",
            "count": 0,
            "lastInteraction": null
        },
        {
            "id": "61553267648267",
            "count": 0,
            "lastInteraction": null
        },
        {
            "id": "61554597753770",
            "count": 0,
            "lastInteraction": null
        },
        {
            "id": "61558577429002",
            "count": 0,
            "lastInteraction": null
        },
        {
            "id": "100022223612788",
            "count": 0,
            "lastInteraction": null
        },
        {
            "id": "61552481287097",
            "count": 0,
            "lastInteraction": null
        },
        {
            "id": "100004080840571",
            "count": 0,
            "lastInteraction": null
        },
        {
            "id": "61554947435111",
            "count": 0,
            "lastInteraction": null
        },
        {
            "id": "100091797262196",
            "count": 0,
            "lastInteraction": null
        },
        {
            "id": "100026973343160",
            "count": 0,
            "lastInteraction": null
        },
        {
            "id": "100032998935971",
            "count": 0,
            "lastInteraction": null
        },
        {
            "id": "100027237458057",
            "count": 0,
            "lastInteraction": null
        },
        {
            "id": "100082263287929",
            "count": 0,
            "lastInteraction": null
        },
        {
            "id": "100090080109649",
            "count": 0,
            "lastInteraction": null
        },
        {
            "id": "61555218173965",
            "count": 0,
            "lastInteraction": null
        },
        {
            "id": "100040223251471",
            "count": 0,
            "lastInteraction": null
        },
        {
            "id": "100076290976962",
            "count": 5,
            "lastInteraction": 1724893228816
        },
        {
            "id": "61556550188470",
            "count": 0,
            "lastInteraction": null
        },
        {
            "id": "61559087393171",
            "count": 0,
            "lastInteraction": null
        },
        {
            "id": "100053366084868",
            "count": 0,
            "lastInteraction": null
        },
        {
            "id": "100037318427730",
            "count": 0,
            "lastInteraction": null
        },
        {
            "id": "100089077390311",
            "count": 0,
            "lastInteraction": null
        },
        {
            "id": "100085074442255",
            "count": 0,
            "lastInteraction": null
        },
        {
            "id": "100022030711103",
            "count": 0,
            "lastInteraction": null
        },
        {
            "id": "100090535053258",
            "count": 0,
            "lastInteraction": null
        },
        {
            "id": "100086679076920",
            "count": 0,
            "lastInteraction": null
        },
        {
            "id": "61564816293230",
            "count": 0,
            "lastInteraction": null
        },
        {
            "id": "100034971489064",
            "count": 0,
            "lastInteraction": null
        },
        {
            "id": "100065931241359",
            "count": 0,
            "lastInteraction": null
        },
        {
            "id": "100087712074321",
            "count": 0,
            "lastInteraction": null
        },
        {
            "id": "100073560428262",
            "count": 0,
            "lastInteraction": null
        },
        {
            "id": "100026039850085",
            "count": 0,
            "lastInteraction": null
        },
        {
            "id": "100034913404881",
            "count": 0,
            "lastInteraction": null
        },
        {
            "id": "100008722630989",
            "count": 0,
            "lastInteraction": null
        },
        {
            "id": "100066972160365",
            "count": 0,
            "lastInteraction": null
        },
        {
            "id": "100049442406508",
            "count": 0,
            "lastInteraction": null
        },
        {
            "id": "100087128565622",
            "count": 0,
            "lastInteraction": null
        },
        {
            "id": "61564884756626",
            "count": 0,
            "lastInteraction": null
        },
        {
            "id": "100077018405888",
            "count": 0,
            "lastInteraction": null
        },
        {
            "id": "100076671529372",
            "count": 0,
            "lastInteraction": null
        },
        {
            "id": "61563317642679",
            "count": 0,
            "lastInteraction": null
        },
        {
            "id": "100085847084395",
            "count": 0,
            "lastInteraction": null
        },
        {
            "id": "100085928150805",
            "count": 0,
            "lastInteraction": null
        },
        {
            "id": "100067128708998",
            "count": 0,
            "lastInteraction": null
        },
        {
            "id": "100081142720795",
            "count": 0,
            "lastInteraction": null
        },
        {
            "id": "61558117404405",
            "count": 0,
            "lastInteraction": null
        },
        {
            "id": "100091982267350",
            "count": 0,
            "lastInteraction": null
        },
        {
            "id": "100080922802311",
            "count": 0,
            "lastInteraction": null
        },
        {
            "id": "100089974485166",
            "count": 0,
            "lastInteraction": null
        },
        {
            "id": "61565450240118",
            "count": 0,
            "lastInteraction": null
        },
        {
            "id": "100017272117195",
            "count": 0,
            "lastInteraction": null
        }
    ],
    "month": [
        {
            "id": "100085881027143",
            "count": 0,
            "lastInteraction": null
        },
        {
            "id": "100065103737065",
            "count": 2,
            "lastInteraction": 1724893236050
        },
        {
            "id": "61562234177701",
            "count": 0,
            "lastInteraction": null
        },
        {
            "id": "100026837451930",
            "count": 0,
            "lastInteraction": null
        },
        {
            "id": "61559010016686",
            "count": 0,
            "lastInteraction": null
        },
        {
            "id": "61553363446095",
            "count": 0,
            "lastInteraction": null
        },
        {
            "id": "100057518017266",
            "count": 0,
            "lastInteraction": null
        },
        {
            "id": "100077360444003",
            "count": 0,
            "lastInteraction": null
        },
        {
            "id": "100071659126730",
            "count": 0,
            "lastInteraction": null
        },
        {
            "id": "100087114740054",
            "count": 0,
            "lastInteraction": null
        },
        {
            "id": "100059713074145",
            "count": 0,
            "lastInteraction": null
        },
        {
            "id": "100066814045060",
            "count": 0,
            "lastInteraction": null
        },
        {
            "id": "61553267648267",
            "count": 0,
            "lastInteraction": null
        },
        {
            "id": "61554597753770",
            "count": 0,
            "lastInteraction": null
        },
        {
            "id": "61558577429002",
            "count": 0,
            "lastInteraction": null
        },
        {
            "id": "100022223612788",
            "count": 0,
            "lastInteraction": null
        },
        {
            "id": "61552481287097",
            "count": 0,
            "lastInteraction": null
        },
        {
            "id": "100004080840571",
            "count": 0,
            "lastInteraction": null
        },
        {
            "id": "61554947435111",
            "count": 0,
            "lastInteraction": null
        },
        {
            "id": "100091797262196",
            "count": 0,
            "lastInteraction": null
        },
        {
            "id": "100026973343160",
            "count": 0,
            "lastInteraction": null
        },
        {
            "id": "100032998935971",
            "count": 0,
            "lastInteraction": null
        },
        {
            "id": "100027237458057",
            "count": 0,
            "lastInteraction": null
        },
        {
            "id": "100082263287929",
            "count": 0,
            "lastInteraction": null
        },
        {
            "id": "100090080109649",
            "count": 0,
            "lastInteraction": null
        },
        {
            "id": "61555218173965",
            "count": 0,
            "lastInteraction": null
        },
        {
            "id": "100040223251471",
            "count": 0,
            "lastInteraction": null
        },
        {
            "id": "100076290976962",
            "count": 5,
            "lastInteraction": 1724893228816
        },
        {
            "id": "61556550188470",
            "count": 0,
            "lastInteraction": null
        },
        {
            "id": "61559087393171",
            "count": 0,
            "lastInteraction": null
        },
        {
            "id": "100053366084868",
            "count": 0,
            "lastInteraction": null
        },
        {
            "id": "100037318427730",
            "count": 0,
            "lastInteraction": null
        },
        {
            "id": "100089077390311",
            "count": 0,
            "lastInteraction": null
        },
        {
            "id": "100085074442255",
            "count": 0,
            "lastInteraction": null
        },
        {
            "id": "100022030711103",
            "count": 0,
            "lastInteraction": null
        },
        {
            "id": "100090535053258",
            "count": 0,
            "lastInteraction": null
        },
        {
            "id": "100086679076920",
            "count": 0,
            "lastInteraction": null
        },
        {
            "id": "61564816293230",
            "count": 0,
            "lastInteraction": null
        },
        {
            "id": "100034971489064",
            "count": 0,
            "lastInteraction": null
        },
        {
            "id": "100065931241359",
            "count": 0,
            "lastInteraction": null
        },
        {
            "id": "100087712074321",
            "count": 0,
            "lastInteraction": null
        },
        {
            "id": "100073560428262",
            "count": 0,
            "lastInteraction": null
        },
        {
            "id": "100026039850085",
            "count": 0,
            "lastInteraction": null
        },
        {
            "id": "100034913404881",
            "count": 0,
            "lastInteraction": null
        },
        {
            "id": "100008722630989",
            "count": 0,
            "lastInteraction": null
        },
        {
            "id": "100066972160365",
            "count": 0,
            "lastInteraction": null
        },
        {
            "id": "100049442406508",
            "count": 0,
            "lastInteraction": null
        },
        {
            "id": "100087128565622",
            "count": 0,
            "lastInteraction": null
        },
        {
            "id": "61564884756626",
            "count": 0,
            "lastInteraction": null
        },
        {
            "id": "100077018405888",
            "count": 0,
            "lastInteraction": null
        },
        {
            "id": "100076671529372",
            "count": 0,
            "lastInteraction": null
        },
        {
            "id": "61563317642679",
            "count": 0,
            "lastInteraction": null
        },
        {
            "id": "100085847084395",
            "count": 0,
            "lastInteraction": null
        },
        {
            "id": "100085928150805",
            "count": 0,
            "lastInteraction": null
        },
        {
            "id": "100067128708998",
            "count": 0,
            "lastInteraction": null
        },
        {
            "id": "100081142720795",
            "count": 0,
            "lastInteraction": null
        },
        {
            "id": "61558117404405",
            "count": 0,
            "lastInteraction": null
        },
        {
            "id": "100091982267350",
            "count": 0,
            "lastInteraction": null
        },
        {
            "id": "100080922802311",
            "count": 0,
            "lastInteraction": null
        },
        {
            "id": "100089974485166",
            "count": 0,
            "lastInteraction": null
        },
        {
            "id": "61565450240118",
            "count": 0,
            "lastInteraction": null
        },
        {
            "id": "100017272117195",
            "count": 0,
            "lastInteraction": null
        }
    ],
    "time": 4
}