{
    "total": [
        {
            "id": "61563593249877",
            "count": 0,
            "lastInteraction": null
        },
        {
            "id": "61552260251967",
            "count": 0,
            "lastInteraction": null
        },
        {
            "id": "61550292608241",
            "count": 0,
            "lastInteraction": null
        },
        {
            "id": "61558943064945",
            "count": 0,
            "lastInteraction": null
        },
        {
            "id": "61553890952737",
            "count": 0,
            "lastInteraction": null
        },
        {
            "id": "61558276905638",
            "count": 0,
            "lastInteraction": null
        },
        {
            "id": "61561786503749",
            "count": 0,
            "lastInteraction": null
        },
        {
            "id": "61553639242326",
            "count": 0,
            "lastInteraction": null
        },
        {
            "id": "100088200736646",
            "count": 0,
            "lastInteraction": null
        },
        {
            "id": "61560025724983",
            "count": 0,
            "lastInteraction": null
        },
        {
            "id": "100080922802311",
            "count": 0,
            "lastInteraction": null
        },
        {
            "id": "100080861556615",
            "count": 0,
            "lastInteraction": null
        },
        {
            "id": "61556783128123",
            "count": 0,
            "lastInteraction": null
        },
        {
            "id": "100075388645523",
            "count": 0,
            "lastInteraction": null
        },
        {
            "id": "61557516613591",
            "count": 0,
            "lastInteraction": null
        },
        {
            "id": "61557529110421",
            "count": 0,
            "lastInteraction": null
        },
        {
            "id": "61555187567649",
            "count": 0,
            "lastInteraction": null
        },
        {
            "id": "61556648712883",
            "count": 0,
            "lastInteraction": null
        },
        {
            "id": "100016091654788",
            "count": 0,
            "lastInteraction": null
        },
        {
            "id": "61561444927930",
            "count": 0,
            "lastInteraction": null
        },
        {
            "id": "61560987787476",
            "count": 0,
            "lastInteraction": null
        },
        {
            "id": "61557937952522",
            "count": 0,
            "lastInteraction": null
        },
        {
            "id": "61564487429660",
            "count": 0,
            "lastInteraction": null
        },
        {
            "id": "100080047462759",
            "count": 0,
            "lastInteraction": null
        },
        {
            "id": "61561656099937",
            "count": 0,
            "lastInteraction": null
        },
        {
            "id": "61551416827911",
            "count": 0,
            "lastInteraction": null
        },
        {
            "id": "61561947587276",
            "count": 0,
            "lastInteraction": null
        },
        {
            "id": "100073786700908",
            "count": 0,
            "lastInteraction": null
        },
        {
            "id": "61558998789927",
            "count": 0,
            "lastInteraction": null
        },
        {
            "id": "61559677123987",
            "count": 0,
            "lastInteraction": null
        },
        {
            "id": "100087281773306",
            "count": 0,
            "lastInteraction": null
        },
        {
            "id": "61558117404405",
            "count": 0,
            "lastInteraction": null
        },
        {
            "id": "61557154220742",
            "count": 0,
            "lastInteraction": null
        },
        {
            "id": "61559297615888",
            "count": 0,
            "lastInteraction": null
        },
        {
            "id": "100084854147768",
            "count": 0,
            "lastInteraction": null
        },
        {
            "id": "61560043957801",
            "count": 0,
            "lastInteraction": null
        },
        {
            "id": "100073330091235",
            "count": 0,
            "lastInteraction": null
        },
        {
            "id": "61559063431820",
            "count": 1,
            "lastInteraction": 1724893073613
        },
        {
            "id": "61550737538281",
            "count": 0,
            "lastInteraction": null
        },
        {
            "id": "100075048113178",
            "count": 0,
            "lastInteraction": null
        },
        {
            "id": "61563899174984",
            "count": 0,
            "lastInteraction": null
        },
        {
            "id": "61560542703185",
            "count": 0,
            "lastInteraction": null
        },
        {
            "id": "61560728690360",
            "count": 0,
            "lastInteraction": null
        },
        {
            "id": "61561696017379",
            "count": 0,
            "lastInteraction": null
        },
        {
            "id": "61555927371857",
            "count": 0,
            "lastInteraction": null
        },
        {
            "id": "61560447908349",
            "count": 0,
            "lastInteraction": null
        },
        {
            "id": "100088716052943",
            "count": 0,
            "lastInteraction": null
        },
        {
            "id": "61552369619564",
            "count": 0,
            "lastInteraction": null
        },
        {
            "id": "100087128565622",
            "count": 0,
            "lastInteraction": null
        },
        {
            "id": "61560423661596",
            "count": 1,
            "lastInteraction": 1724892312005
        },
        {
            "id": "100077018405888",
            "count": 0,
            "lastInteraction": null
        }
    ],
    "week": [
        {
            "id": "61563593249877",
            "count": 0,
            "lastInteraction": null
        },
        {
            "id": "61552260251967",
            "count": 0,
            "lastInteraction": null
        },
        {
            "id": "61550292608241",
            "count": 0,
            "lastInteraction": null
        },
        {
            "id": "61558943064945",
            "count": 0,
            "lastInteraction": null
        },
        {
            "id": "61553890952737",
            "count": 0,
            "lastInteraction": null
        },
        {
            "id": "61558276905638",
            "count": 0,
            "lastInteraction": null
        },
        {
            "id": "61561786503749",
            "count": 0,
            "lastInteraction": null
        },
        {
            "id": "61553639242326",
            "count": 0,
            "lastInteraction": null
        },
        {
            "id": "100088200736646",
            "count": 0,
            "lastInteraction": null
        },
        {
            "id": "61560025724983",
            "count": 0,
            "lastInteraction": null
        },
        {
            "id": "100080922802311",
            "count": 0,
            "lastInteraction": null
        },
        {
            "id": "100080861556615",
            "count": 0,
            "lastInteraction": null
        },
        {
            "id": "61556783128123",
            "count": 0,
            "lastInteraction": null
        },
        {
            "id": "100075388645523",
            "count": 0,
            "lastInteraction": null
        },
        {
            "id": "61557516613591",
            "count": 0,
            "lastInteraction": null
        },
        {
            "id": "61557529110421",
            "count": 0,
            "lastInteraction": null
        },
        {
            "id": "61555187567649",
            "count": 0,
            "lastInteraction": null
        },
        {
            "id": "61556648712883",
            "count": 0,
            "lastInteraction": null
        },
        {
            "id": "100016091654788",
            "count": 0,
            "lastInteraction": null
        },
        {
            "id": "61561444927930",
            "count": 0,
            "lastInteraction": null
        },
        {
            "id": "61560987787476",
            "count": 0,
            "lastInteraction": null
        },
        {
            "id": "61557937952522",
            "count": 0,
            "lastInteraction": null
        },
        {
            "id": "61564487429660",
            "count": 0,
            "lastInteraction": null
        },
        {
            "id": "100080047462759",
            "count": 0,
            "lastInteraction": null
        },
        {
            "id": "61561656099937",
            "count": 0,
            "lastInteraction": null
        },
        {
            "id": "61551416827911",
            "count": 0,
            "lastInteraction": null
        },
        {
            "id": "61561947587276",
            "count": 0,
            "lastInteraction": null
        },
        {
            "id": "100073786700908",
            "count": 0,
            "lastInteraction": null
        },
        {
            "id": "61558998789927",
            "count": 0,
            "lastInteraction": null
        },
        {
            "id": "61559677123987",
            "count": 0,
            "lastInteraction": null
        },
        {
            "id": "100087281773306",
            "count": 0,
            "lastInteraction": null
        },
        {
            "id": "61558117404405",
            "count": 0,
            "lastInteraction": null
        },
        {
            "id": "61557154220742",
            "count": 0,
            "lastInteraction": null
        },
        {
            "id": "61559297615888",
            "count": 0,
            "lastInteraction": null
        },
        {
            "id": "100084854147768",
            "count": 0,
            "lastInteraction": null
        },
        {
            "id": "61560043957801",
            "count": 0,
            "lastInteraction": null
        },
        {
            "id": "100073330091235",
            "count": 0,
            "lastInteraction": null
        },
        {
            "id": "61559063431820",
            "count": 1,
            "lastInteraction": 1724893073613
        },
        {
            "id": "61550737538281",
            "count": 0,
            "lastInteraction": null
        },
        {
            "id": "100075048113178",
            "count": 0,
            "lastInteraction": null
        },
        {
            "id": "61563899174984",
            "count": 0,
            "lastInteraction": null
        },
        {
            "id": "61560542703185",
            "count": 0,
            "lastInteraction": null
        },
        {
            "id": "61560728690360",
            "count": 0,
            "lastInteraction": null
        },
        {
            "id": "61561696017379",
            "count": 0,
            "lastInteraction": null
        },
        {
            "id": "61555927371857",
            "count": 0,
            "lastInteraction": null
        },
        {
            "id": "61560447908349",
            "count": 0,
            "lastInteraction": null
        },
        {
            "id": "100088716052943",
            "count": 0,
            "lastInteraction": null
        },
        {
            "id": "61552369619564",
            "count": 0,
            "lastInteraction": null
        },
        {
            "id": "100087128565622",
            "count": 0,
            "lastInteraction": null
        },
        {
            "id": "61560423661596",
            "count": 1,
            "lastInteraction": 1724892312005
        },
        {
            "id": "100077018405888",
            "count": 0,
            "lastInteraction": null
        }
    ],
    "day": [
        {
            "id": "61563593249877",
            "count": 0,
            "lastInteraction": null
        },
        {
            "id": "61552260251967",
            "count": 0,
            "lastInteraction": null
        },
        {
            "id": "61550292608241",
            "count": 0,
            "lastInteraction": null
        },
        {
            "id": "61558943064945",
            "count": 0,
            "lastInteraction": null
        },
        {
            "id": "61553890952737",
            "count": 0,
            "lastInteraction": null
        },
        {
            "id": "61558276905638",
            "count": 0,
            "lastInteraction": null
        },
        {
            "id": "61561786503749",
            "count": 0,
            "lastInteraction": null
        },
        {
            "id": "61553639242326",
            "count": 0,
            "lastInteraction": null
        },
        {
            "id": "100088200736646",
            "count": 0,
            "lastInteraction": null
        },
        {
            "id": "61560025724983",
            "count": 0,
            "lastInteraction": null
        },
        {
            "id": "100080922802311",
            "count": 0,
            "lastInteraction": null
        },
        {
            "id": "100080861556615",
            "count": 0,
            "lastInteraction": null
        },
        {
            "id": "61556783128123",
            "count": 0,
            "lastInteraction": null
        },
        {
            "id": "100075388645523",
            "count": 0,
            "lastInteraction": null
        },
        {
            "id": "61557516613591",
            "count": 0,
            "lastInteraction": null
        },
        {
            "id": "61557529110421",
            "count": 0,
            "lastInteraction": null
        },
        {
            "id": "61555187567649",
            "count": 0,
            "lastInteraction": null
        },
        {
            "id": "61556648712883",
            "count": 0,
            "lastInteraction": null
        },
        {
            "id": "100016091654788",
            "count": 0,
            "lastInteraction": null
        },
        {
            "id": "61561444927930",
            "count": 0,
            "lastInteraction": null
        },
        {
            "id": "61560987787476",
            "count": 0,
            "lastInteraction": null
        },
        {
            "id": "61557937952522",
            "count": 0,
            "lastInteraction": null
        },
        {
            "id": "61564487429660",
            "count": 0,
            "lastInteraction": null
        },
        {
            "id": "100080047462759",
            "count": 0,
            "lastInteraction": null
        },
        {
            "id": "61561656099937",
            "count": 0,
            "lastInteraction": null
        },
        {
            "id": "61551416827911",
            "count": 0,
            "lastInteraction": null
        },
        {
            "id": "61561947587276",
            "count": 0,
            "lastInteraction": null
        },
        {
            "id": "100073786700908",
            "count": 0,
            "lastInteraction": null
        },
        {
            "id": "61558998789927",
            "count": 0,
            "lastInteraction": null
        },
        {
            "id": "61559677123987",
            "count": 0,
            "lastInteraction": null
        },
        {
            "id": "100087281773306",
            "count": 0,
            "lastInteraction": null
        },
        {
            "id": "61558117404405",
            "count": 0,
            "lastInteraction": null
        },
        {
            "id": "61557154220742",
            "count": 0,
            "lastInteraction": null
        },
        {
            "id": "61559297615888",
            "count": 0,
            "lastInteraction": null
        },
        {
            "id": "100084854147768",
            "count": 0,
            "lastInteraction": null
        },
        {
            "id": "61560043957801",
            "count": 0,
            "lastInteraction": null
        },
        {
            "id": "100073330091235",
            "count": 0,
            "lastInteraction": null
        },
        {
            "id": "61559063431820",
            "count": 1,
            "lastInteraction": 1724893073613
        },
        {
            "id": "61550737538281",
            "count": 0,
            "lastInteraction": null
        },
        {
            "id": "100075048113178",
            "count": 0,
            "lastInteraction": null
        },
        {
            "id": "61563899174984",
            "count": 0,
            "lastInteraction": null
        },
        {
            "id": "61560542703185",
            "count": 0,
            "lastInteraction": null
        },
        {
            "id": "61560728690360",
            "count": 0,
            "lastInteraction": null
        },
        {
            "id": "61561696017379",
            "count": 0,
            "lastInteraction": null
        },
        {
            "id": "61555927371857",
            "count": 0,
            "lastInteraction": null
        },
        {
            "id": "61560447908349",
            "count": 0,
            "lastInteraction": null
        },
        {
            "id": "100088716052943",
            "count": 0,
            "lastInteraction": null
        },
        {
            "id": "61552369619564",
            "count": 0,
            "lastInteraction": null
        },
        {
            "id": "100087128565622",
            "count": 0,
            "lastInteraction": null
        },
        {
            "id": "61560423661596",
            "count": 1,
            "lastInteraction": 1724892312005
        },
        {
            "id": "100077018405888",
            "count": 0,
            "lastInteraction": null
        }
    ],
    "month": [
        {
            "id": "61563593249877",
            "count": 0,
            "lastInteraction": null
        },
        {
            "id": "61552260251967",
            "count": 0,
            "lastInteraction": null
        },
        {
            "id": "61550292608241",
            "count": 0,
            "lastInteraction": null
        },
        {
            "id": "61558943064945",
            "count": 0,
            "lastInteraction": null
        },
        {
            "id": "61553890952737",
            "count": 0,
            "lastInteraction": null
        },
        {
            "id": "61558276905638",
            "count": 0,
            "lastInteraction": null
        },
        {
            "id": "61561786503749",
            "count": 0,
            "lastInteraction": null
        },
        {
            "id": "61553639242326",
            "count": 0,
            "lastInteraction": null
        },
        {
            "id": "100088200736646",
            "count": 0,
            "lastInteraction": null
        },
        {
            "id": "61560025724983",
            "count": 0,
            "lastInteraction": null
        },
        {
            "id": "100080922802311",
            "count": 0,
            "lastInteraction": null
        },
        {
            "id": "100080861556615",
            "count": 0,
            "lastInteraction": null
        },
        {
            "id": "61556783128123",
            "count": 0,
            "lastInteraction": null
        },
        {
            "id": "100075388645523",
            "count": 0,
            "lastInteraction": null
        },
        {
            "id": "61557516613591",
            "count": 0,
            "lastInteraction": null
        },
        {
            "id": "61557529110421",
            "count": 0,
            "lastInteraction": null
        },
        {
            "id": "61555187567649",
            "count": 0,
            "lastInteraction": null
        },
        {
            "id": "61556648712883",
            "count": 0,
            "lastInteraction": null
        },
        {
            "id": "100016091654788",
            "count": 0,
            "lastInteraction": null
        },
        {
            "id": "61561444927930",
            "count": 0,
            "lastInteraction": null
        },
        {
            "id": "61560987787476",
            "count": 0,
            "lastInteraction": null
        },
        {
            "id": "61557937952522",
            "count": 0,
            "lastInteraction": null
        },
        {
            "id": "61564487429660",
            "count": 0,
            "lastInteraction": null
        },
        {
            "id": "100080047462759",
            "count": 0,
            "lastInteraction": null
        },
        {
            "id": "61561656099937",
            "count": 0,
            "lastInteraction": null
        },
        {
            "id": "61551416827911",
            "count": 0,
            "lastInteraction": null
        },
        {
            "id": "61561947587276",
            "count": 0,
            "lastInteraction": null
        },
        {
            "id": "100073786700908",
            "count": 0,
            "lastInteraction": null
        },
        {
            "id": "61558998789927",
            "count": 0,
            "lastInteraction": null
        },
        {
            "id": "61559677123987",
            "count": 0,
            "lastInteraction": null
        },
        {
            "id": "100087281773306",
            "count": 0,
            "lastInteraction": null
        },
        {
            "id": "61558117404405",
            "count": 0,
            "lastInteraction": null
        },
        {
            "id": "61557154220742",
            "count": 0,
            "lastInteraction": null
        },
        {
            "id": "61559297615888",
            "count": 0,
            "lastInteraction": null
        },
        {
            "id": "100084854147768",
            "count": 0,
            "lastInteraction": null
        },
        {
            "id": "61560043957801",
            "count": 0,
            "lastInteraction": null
        },
        {
            "id": "100073330091235",
            "count": 0,
            "lastInteraction": null
        },
        {
            "id": "61559063431820",
            "count": 1,
            "lastInteraction": 1724893073613
        },
        {
            "id": "61550737538281",
            "count": 0,
            "lastInteraction": null
        },
        {
            "id": "100075048113178",
            "count": 0,
            "lastInteraction": null
        },
        {
            "id": "61563899174984",
            "count": 0,
            "lastInteraction": null
        },
        {
            "id": "61560542703185",
            "count": 0,
            "lastInteraction": null
        },
        {
            "id": "61560728690360",
            "count": 0,
            "lastInteraction": null
        },
        {
            "id": "61561696017379",
            "count": 0,
            "lastInteraction": null
        },
        {
            "id": "61555927371857",
            "count": 0,
            "lastInteraction": null
        },
        {
            "id": "61560447908349",
            "count": 0,
            "lastInteraction": null
        },
        {
            "id": "100088716052943",
            "count": 0,
            "lastInteraction": null
        },
        {
            "id": "61552369619564",
            "count": 0,
            "lastInteraction": null
        },
        {
            "id": "100087128565622",
            "count": 0,
            "lastInteraction": null
        },
        {
            "id": "61560423661596",
            "count": 1,
            "lastInteraction": 1724892312005
        },
        {
            "id": "100077018405888",
            "count": 0,
            "lastInteraction": null
        }
    ],
    "time": 4
}