{
    "total": [
        {
            "id": "82200402",
            "count": 0,
            "lastInteraction": null
        },
        {
            "id": "502275138",
            "count": 2,
            "lastInteraction": 1723276398720
        },
        {
            "id": "503845790",
            "count": 0,
            "lastInteraction": null
        },
        {
            "id": "1074281870",
            "count": 0,
            "lastInteraction": null
        },
        {
            "id": "1074491699",
            "count": 2,
            "lastInteraction": 1723265879769
        },
        {
            "id": "1270787329",
            "count": 0,
            "lastInteraction": null
        },
        {
            "id": "1334285798",
            "count": 0,
            "lastInteraction": null
        },
        {
            "id": "1550702797",
            "count": 20,
            "lastInteraction": 1723260361464
        },
        {
            "id": "1631016269",
            "count": 2,
            "lastInteraction": 1723262588435
        },
        {
            "id": "1834498255",
            "count": 1,
            "lastInteraction": 1723226464368
        },
        {
            "id": "61550521925292",
            "count": 0,
            "lastInteraction": null
        },
        {
            "id": "61552323296075",
            "count": 0,
            "lastInteraction": null
        },
        {
            "id": "61552548836547",
            "count": 0,
            "lastInteraction": null
        },
        {
            "id": "61552633692083",
            "count": 0,
            "lastInteraction": null
        },
        {
            "id": "61553469628680",
            "count": 0,
            "lastInteraction": null
        },
        {
            "id": "61556918211744",
            "count": 0,
            "lastInteraction": null
        },
        {
            "id": "61557610827776",
            "count": 0,
            "lastInteraction": null
        },
        {
            "id": "61558463866707",
            "count": 0,
            "lastInteraction": null
        },
        {
            "id": "61558575194373",
            "count": 1,
            "lastInteraction": 1723698062090
        },
        {
            "id": "61559142330608",
            "count": 0,
            "lastInteraction": null
        },
        {
            "id": "61559226894462",
            "count": 0,
            "lastInteraction": null
        },
        {
            "id": "61560332123300",
            "count": 0,
            "lastInteraction": null
        },
        {
            "id": "61561126281823",
            "count": 0,
            "lastInteraction": null
        },
        {
            "id": "61561974429884",
            "count": 0,
            "lastInteraction": null
        },
        {
            "id": "61562065684133",
            "count": 0,
            "lastInteraction": null
        },
        {
            "id": "100000194247253",
            "count": 0,
            "lastInteraction": null
        },
        {
            "id": "100000330653855",
            "count": 0,
            "lastInteraction": null
        },
        {
            "id": "100000493975005",
            "count": 0,
            "lastInteraction": null
        },
        {
            "id": "100000722572131",
            "count": 0,
            "lastInteraction": null
        },
        {
            "id": "100000975916829",
            "count": 0,
            "lastInteraction": null
        },
        {
            "id": "100001134374202",
            "count": 0,
            "lastInteraction": null
        },
        {
            "id": "100001886633702",
            "count": 0,
            "lastInteraction": null
        },
        {
            "id": "100002685839144",
            "count": 0,
            "lastInteraction": null
        },
        {
            "id": "100003359791187",
            "count": 0,
            "lastInteraction": null
        },
        {
            "id": "100004024820917",
            "count": 0,
            "lastInteraction": null
        },
        {
            "id": "100009713618289",
            "count": 3,
            "lastInteraction": 1723243996060
        },
        {
            "id": "100026580851887",
            "count": 1,
            "lastInteraction": 1723248822562
        },
        {
            "id": "100027248830437",
            "count": 0,
            "lastInteraction": null
        },
        {
            "id": "100030259834679",
            "count": 0,
            "lastInteraction": null
        },
        {
            "id": "100038191185113",
            "count": 0,
            "lastInteraction": null
        },
        {
            "id": "100038678414010",
            "count": 0,
            "lastInteraction": null
        },
        {
            "id": "100041296170925",
            "count": 0,
            "lastInteraction": null
        },
        {
            "id": "100048286966787",
            "count": 0,
            "lastInteraction": null
        },
        {
            "id": "100050828770533",
            "count": 0,
            "lastInteraction": null
        },
        {
            "id": "100057273502696",
            "count": 0,
            "lastInteraction": null
        },
        {
            "id": "100061183894247",
            "count": 0,
            "lastInteraction": null
        },
        {
            "id": "100063600331393",
            "count": 0,
            "lastInteraction": null
        },
        {
            "id": "100064533063816",
            "count": 0,
            "lastInteraction": null
        },
        {
            "id": "100066838458710",
            "count": 0,
            "lastInteraction": null
        },
        {
            "id": "100067508386723",
            "count": 0,
            "lastInteraction": null
        },
        {
            "id": "100068096370437",
            "count": 11,
            "lastInteraction": 1723276477785
        },
        {
            "id": "100073006473576",
            "count": 0,
            "lastInteraction": null
        },
        {
            "id": "100073964882304",
            "count": 0,
            "lastInteraction": null
        },
        {
            "id": "100074278195157",
            "count": 0,
            "lastInteraction": null
        },
        {
            "id": "100075198002506",
            "count": 0,
            "lastInteraction": null
        },
        {
            "id": "100075493308135",
            "count": 0,
            "lastInteraction": null
        },
        {
            "id": "100077522648264",
            "count": 0,
            "lastInteraction": null
        },
        {
            "id": "100080650356088",
            "count": 0,
            "lastInteraction": null
        },
        {
            "id": "100081797352234",
            "count": 0,
            "lastInteraction": null
        },
        {
            "id": "100083166338312",
            "count": 0,
            "lastInteraction": null
        },
        {
            "id": "100083205727767",
            "count": 0,
            "lastInteraction": null
        },
        {
            "id": "100086649001317",
            "count": 0,
            "lastInteraction": null
        },
        {
            "id": "100088449372985",
            "count": 0,
            "lastInteraction": null
        },
        {
            "id": "100089071639839",
            "count": 35,
            "lastInteraction": 1723277843318
        },
        {
            "id": "100089195796584",
            "count": 0,
            "lastInteraction": null
        },
        {
            "id": "100090204294234",
            "count": 0,
            "lastInteraction": null
        },
        {
            "id": "100090458979503",
            "count": 0,
            "lastInteraction": null
        },
        {
            "id": "100091715182610",
            "count": 0,
            "lastInteraction": null
        },
        {
            "id": "100092744481406",
            "count": 0,
            "lastInteraction": null
        },
        {
            "id": "100093814743722",
            "count": 14,
            "lastInteraction": 1723277844342
        },
        {
            "id": "100094043574093",
            "count": 0,
            "lastInteraction": null
        },
        {
            "id": "100094236391871",
            "count": 0,
            "lastInteraction": null
        },
        {
            "id": "100094629826721",
            "count": 0,
            "lastInteraction": null
        },
        {
            "id": "100007621141247",
            "count": 19,
            "lastInteraction": 1723260233394
        },
        {
            "id": "100055154154050",
            "count": 0,
            "lastInteraction": null
        },
        {
            "id": "61562557302633",
            "count": 0,
            "lastInteraction": null
        },
        {
            "id": "100087831813426",
            "count": 0,
            "lastInteraction": null
        },
        {
            "id": "100059637681768",
            "count": 0,
            "lastInteraction": null
        }
    ],
    "week": [
        {
            "id": "82200402",
            "count": 0,
            "lastInteraction": null
        },
        {
            "id": "502275138",
            "count": 2,
            "lastInteraction": 1723276398720
        },
        {
            "id": "503845790",
            "count": 0,
            "lastInteraction": null
        },
        {
            "id": "1074281870",
            "count": 0,
            "lastInteraction": null
        },
        {
            "id": "1074491699",
            "count": 2,
            "lastInteraction": 1723265879769
        },
        {
            "id": "1270787329",
            "count": 0,
            "lastInteraction": null
        },
        {
            "id": "1334285798",
            "count": 0,
            "lastInteraction": null
        },
        {
            "id": "1550702797",
            "count": 20,
            "lastInteraction": 1723260361464
        },
        {
            "id": "1631016269",
            "count": 2,
            "lastInteraction": 1723262588435
        },
        {
            "id": "1834498255",
            "count": 1,
            "lastInteraction": 1723226464368
        },
        {
            "id": "61550521925292",
            "count": 0,
            "lastInteraction": null
        },
        {
            "id": "61552323296075",
            "count": 0,
            "lastInteraction": null
        },
        {
            "id": "61552548836547",
            "count": 0,
            "lastInteraction": null
        },
        {
            "id": "61552633692083",
            "count": 0,
            "lastInteraction": null
        },
        {
            "id": "61553469628680",
            "count": 0,
            "lastInteraction": null
        },
        {
            "id": "61556918211744",
            "count": 0,
            "lastInteraction": null
        },
        {
            "id": "61557610827776",
            "count": 0,
            "lastInteraction": null
        },
        {
            "id": "61558463866707",
            "count": 0,
            "lastInteraction": null
        },
        {
            "id": "61558575194373",
            "count": 1,
            "lastInteraction": 1723698062090
        },
        {
            "id": "61559142330608",
            "count": 0,
            "lastInteraction": null
        },
        {
            "id": "61559226894462",
            "count": 0,
            "lastInteraction": null
        },
        {
            "id": "61560332123300",
            "count": 0,
            "lastInteraction": null
        },
        {
            "id": "61561126281823",
            "count": 0,
            "lastInteraction": null
        },
        {
            "id": "61561974429884",
            "count": 0,
            "lastInteraction": null
        },
        {
            "id": "61562065684133",
            "count": 0,
            "lastInteraction": null
        },
        {
            "id": "100000194247253",
            "count": 0,
            "lastInteraction": null
        },
        {
            "id": "100000330653855",
            "count": 0,
            "lastInteraction": null
        },
        {
            "id": "100000493975005",
            "count": 0,
            "lastInteraction": null
        },
        {
            "id": "100000722572131",
            "count": 0,
            "lastInteraction": null
        },
        {
            "id": "100000975916829",
            "count": 0,
            "lastInteraction": null
        },
        {
            "id": "100001134374202",
            "count": 0,
            "lastInteraction": null
        },
        {
            "id": "100001886633702",
            "count": 0,
            "lastInteraction": null
        },
        {
            "id": "100002685839144",
            "count": 0,
            "lastInteraction": null
        },
        {
            "id": "100003359791187",
            "count": 0,
            "lastInteraction": null
        },
        {
            "id": "100004024820917",
            "count": 0,
            "lastInteraction": null
        },
        {
            "id": "100009713618289",
            "count": 3,
            "lastInteraction": 1723243996060
        },
        {
            "id": "100026580851887",
            "count": 1,
            "lastInteraction": 1723248822562
        },
        {
            "id": "100027248830437",
            "count": 0,
            "lastInteraction": null
        },
        {
            "id": "100030259834679",
            "count": 0,
            "lastInteraction": null
        },
        {
            "id": "100038191185113",
            "count": 0,
            "lastInteraction": null
        },
        {
            "id": "100038678414010",
            "count": 0,
            "lastInteraction": null
        },
        {
            "id": "100041296170925",
            "count": 0,
            "lastInteraction": null
        },
        {
            "id": "100048286966787",
            "count": 0,
            "lastInteraction": null
        },
        {
            "id": "100050828770533",
            "count": 0,
            "lastInteraction": null
        },
        {
            "id": "100057273502696",
            "count": 0,
            "lastInteraction": null
        },
        {
            "id": "100061183894247",
            "count": 0,
            "lastInteraction": null
        },
        {
            "id": "100063600331393",
            "count": 0,
            "lastInteraction": null
        },
        {
            "id": "100064533063816",
            "count": 0,
            "lastInteraction": null
        },
        {
            "id": "100066838458710",
            "count": 0,
            "lastInteraction": null
        },
        {
            "id": "100067508386723",
            "count": 0,
            "lastInteraction": null
        },
        {
            "id": "100068096370437",
            "count": 11,
            "lastInteraction": 1723276477785
        },
        {
            "id": "100073006473576",
            "count": 0,
            "lastInteraction": null
        },
        {
            "id": "100073964882304",
            "count": 0,
            "lastInteraction": null
        },
        {
            "id": "100074278195157",
            "count": 0,
            "lastInteraction": null
        },
        {
            "id": "100075198002506",
            "count": 0,
            "lastInteraction": null
        },
        {
            "id": "100075493308135",
            "count": 0,
            "lastInteraction": null
        },
        {
            "id": "100077522648264",
            "count": 0,
            "lastInteraction": null
        },
        {
            "id": "100080650356088",
            "count": 0,
            "lastInteraction": null
        },
        {
            "id": "100081797352234",
            "count": 0,
            "lastInteraction": null
        },
        {
            "id": "100083166338312",
            "count": 0,
            "lastInteraction": null
        },
        {
            "id": "100083205727767",
            "count": 0,
            "lastInteraction": null
        },
        {
            "id": "100086649001317",
            "count": 0,
            "lastInteraction": null
        },
        {
            "id": "100088449372985",
            "count": 0,
            "lastInteraction": null
        },
        {
            "id": "100089071639839",
            "count": 35,
            "lastInteraction": 1723277843318
        },
        {
            "id": "100089195796584",
            "count": 0,
            "lastInteraction": null
        },
        {
            "id": "100090204294234",
            "count": 0,
            "lastInteraction": null
        },
        {
            "id": "100090458979503",
            "count": 0,
            "lastInteraction": null
        },
        {
            "id": "100091715182610",
            "count": 0,
            "lastInteraction": null
        },
        {
            "id": "100092744481406",
            "count": 0,
            "lastInteraction": null
        },
        {
            "id": "100093814743722",
            "count": 14,
            "lastInteraction": 1723277844342
        },
        {
            "id": "100094043574093",
            "count": 0,
            "lastInteraction": null
        },
        {
            "id": "100094236391871",
            "count": 0,
            "lastInteraction": null
        },
        {
            "id": "100094629826721",
            "count": 0,
            "lastInteraction": null
        },
        {
            "id": "100007621141247",
            "count": 19,
            "lastInteraction": 1723260233394
        },
        {
            "id": "100055154154050",
            "count": 0,
            "lastInteraction": null
        },
        {
            "id": "61562557302633",
            "count": 0,
            "lastInteraction": null
        },
        {
            "id": "100087831813426",
            "count": 0,
            "lastInteraction": null
        },
        {
            "id": "100059637681768",
            "count": 0,
            "lastInteraction": null
        }
    ],
    "day": [
        {
            "id": "82200402",
            "count": 0,
            "lastInteraction": null
        },
        {
            "id": "502275138",
            "count": 2,
            "lastInteraction": 1723276398720
        },
        {
            "id": "503845790",
            "count": 0,
            "lastInteraction": null
        },
        {
            "id": "1074281870",
            "count": 0,
            "lastInteraction": null
        },
        {
            "id": "1074491699",
            "count": 2,
            "lastInteraction": 1723265879769
        },
        {
            "id": "1270787329",
            "count": 0,
            "lastInteraction": null
        },
        {
            "id": "1334285798",
            "count": 0,
            "lastInteraction": null
        },
        {
            "id": "1550702797",
            "count": 20,
            "lastInteraction": 1723260361464
        },
        {
            "id": "1631016269",
            "count": 2,
            "lastInteraction": 1723262588435
        },
        {
            "id": "1834498255",
            "count": 1,
            "lastInteraction": 1723226464368
        },
        {
            "id": "61550521925292",
            "count": 0,
            "lastInteraction": null
        },
        {
            "id": "61552323296075",
            "count": 0,
            "lastInteraction": null
        },
        {
            "id": "61552548836547",
            "count": 0,
            "lastInteraction": null
        },
        {
            "id": "61552633692083",
            "count": 0,
            "lastInteraction": null
        },
        {
            "id": "61553469628680",
            "count": 0,
            "lastInteraction": null
        },
        {
            "id": "61556918211744",
            "count": 0,
            "lastInteraction": null
        },
        {
            "id": "61557610827776",
            "count": 0,
            "lastInteraction": null
        },
        {
            "id": "61558463866707",
            "count": 0,
            "lastInteraction": null
        },
        {
            "id": "61558575194373",
            "count": 1,
            "lastInteraction": 1723698062090
        },
        {
            "id": "61559142330608",
            "count": 0,
            "lastInteraction": null
        },
        {
            "id": "61559226894462",
            "count": 0,
            "lastInteraction": null
        },
        {
            "id": "61560332123300",
            "count": 0,
            "lastInteraction": null
        },
        {
            "id": "61561126281823",
            "count": 0,
            "lastInteraction": null
        },
        {
            "id": "61561974429884",
            "count": 0,
            "lastInteraction": null
        },
        {
            "id": "61562065684133",
            "count": 0,
            "lastInteraction": null
        },
        {
            "id": "100000194247253",
            "count": 0,
            "lastInteraction": null
        },
        {
            "id": "100000330653855",
            "count": 0,
            "lastInteraction": null
        },
        {
            "id": "100000493975005",
            "count": 0,
            "lastInteraction": null
        },
        {
            "id": "100000722572131",
            "count": 0,
            "lastInteraction": null
        },
        {
            "id": "100000975916829",
            "count": 0,
            "lastInteraction": null
        },
        {
            "id": "100001134374202",
            "count": 0,
            "lastInteraction": null
        },
        {
            "id": "100001886633702",
            "count": 0,
            "lastInteraction": null
        },
        {
            "id": "100002685839144",
            "count": 0,
            "lastInteraction": null
        },
        {
            "id": "100003359791187",
            "count": 0,
            "lastInteraction": null
        },
        {
            "id": "100004024820917",
            "count": 0,
            "lastInteraction": null
        },
        {
            "id": "100009713618289",
            "count": 3,
            "lastInteraction": 1723243996060
        },
        {
            "id": "100026580851887",
            "count": 1,
            "lastInteraction": 1723248822562
        },
        {
            "id": "100027248830437",
            "count": 0,
            "lastInteraction": null
        },
        {
            "id": "100030259834679",
            "count": 0,
            "lastInteraction": null
        },
        {
            "id": "100038191185113",
            "count": 0,
            "lastInteraction": null
        },
        {
            "id": "100038678414010",
            "count": 0,
            "lastInteraction": null
        },
        {
            "id": "100041296170925",
            "count": 0,
            "lastInteraction": null
        },
        {
            "id": "100048286966787",
            "count": 0,
            "lastInteraction": null
        },
        {
            "id": "100050828770533",
            "count": 0,
            "lastInteraction": null
        },
        {
            "id": "100057273502696",
            "count": 0,
            "lastInteraction": null
        },
        {
            "id": "100061183894247",
            "count": 0,
            "lastInteraction": null
        },
        {
            "id": "100063600331393",
            "count": 0,
            "lastInteraction": null
        },
        {
            "id": "100064533063816",
            "count": 0,
            "lastInteraction": null
        },
        {
            "id": "100066838458710",
            "count": 0,
            "lastInteraction": null
        },
        {
            "id": "100067508386723",
            "count": 0,
            "lastInteraction": null
        },
        {
            "id": "100068096370437",
            "count": 11,
            "lastInteraction": 1723276477785
        },
        {
            "id": "100073006473576",
            "count": 0,
            "lastInteraction": null
        },
        {
            "id": "100073964882304",
            "count": 0,
            "lastInteraction": null
        },
        {
            "id": "100074278195157",
            "count": 0,
            "lastInteraction": null
        },
        {
            "id": "100075198002506",
            "count": 0,
            "lastInteraction": null
        },
        {
            "id": "100075493308135",
            "count": 0,
            "lastInteraction": null
        },
        {
            "id": "100077522648264",
            "count": 0,
            "lastInteraction": null
        },
        {
            "id": "100080650356088",
            "count": 0,
            "lastInteraction": null
        },
        {
            "id": "100081797352234",
            "count": 0,
            "lastInteraction": null
        },
        {
            "id": "100083166338312",
            "count": 0,
            "lastInteraction": null
        },
        {
            "id": "100083205727767",
            "count": 0,
            "lastInteraction": null
        },
        {
            "id": "100086649001317",
            "count": 0,
            "lastInteraction": null
        },
        {
            "id": "100088449372985",
            "count": 0,
            "lastInteraction": null
        },
        {
            "id": "100089071639839",
            "count": 35,
            "lastInteraction": 1723277843318
        },
        {
            "id": "100089195796584",
            "count": 0,
            "lastInteraction": null
        },
        {
            "id": "100090204294234",
            "count": 0,
            "lastInteraction": null
        },
        {
            "id": "100090458979503",
            "count": 0,
            "lastInteraction": null
        },
        {
            "id": "100091715182610",
            "count": 0,
            "lastInteraction": null
        },
        {
            "id": "100092744481406",
            "count": 0,
            "lastInteraction": null
        },
        {
            "id": "100093814743722",
            "count": 14,
            "lastInteraction": 1723277844342
        },
        {
            "id": "100094043574093",
            "count": 0,
            "lastInteraction": null
        },
        {
            "id": "100094236391871",
            "count": 0,
            "lastInteraction": null
        },
        {
            "id": "100094629826721",
            "count": 0,
            "lastInteraction": null
        },
        {
            "id": "100007621141247",
            "count": 19,
            "lastInteraction": 1723260233394
        },
        {
            "id": "100055154154050",
            "count": 0,
            "lastInteraction": null
        },
        {
            "id": "61562557302633",
            "count": 0,
            "lastInteraction": null
        },
        {
            "id": "100087831813426",
            "count": 0,
            "lastInteraction": null
        },
        {
            "id": "100059637681768",
            "count": 0,
            "lastInteraction": null
        }
    ],
    "month": [
        {
            "id": "82200402",
            "count": 0,
            "lastInteraction": null
        },
        {
            "id": "502275138",
            "count": 2,
            "lastInteraction": 1723276398720
        },
        {
            "id": "503845790",
            "count": 0,
            "lastInteraction": null
        },
        {
            "id": "1074281870",
            "count": 0,
            "lastInteraction": null
        },
        {
            "id": "1074491699",
            "count": 2,
            "lastInteraction": 1723265879769
        },
        {
            "id": "1270787329",
            "count": 0,
            "lastInteraction": null
        },
        {
            "id": "1334285798",
            "count": 0,
            "lastInteraction": null
        },
        {
            "id": "1550702797",
            "count": 20,
            "lastInteraction": 1723260361464
        },
        {
            "id": "1631016269",
            "count": 2,
            "lastInteraction": 1723262588435
        },
        {
            "id": "1834498255",
            "count": 1,
            "lastInteraction": 1723226464368
        },
        {
            "id": "61550521925292",
            "count": 0,
            "lastInteraction": null
        },
        {
            "id": "61552323296075",
            "count": 0,
            "lastInteraction": null
        },
        {
            "id": "61552548836547",
            "count": 0,
            "lastInteraction": null
        },
        {
            "id": "61552633692083",
            "count": 0,
            "lastInteraction": null
        },
        {
            "id": "61553469628680",
            "count": 0,
            "lastInteraction": null
        },
        {
            "id": "61556918211744",
            "count": 0,
            "lastInteraction": null
        },
        {
            "id": "61557610827776",
            "count": 0,
            "lastInteraction": null
        },
        {
            "id": "61558463866707",
            "count": 0,
            "lastInteraction": null
        },
        {
            "id": "61558575194373",
            "count": 1,
            "lastInteraction": 1723698062090
        },
        {
            "id": "61559142330608",
            "count": 0,
            "lastInteraction": null
        },
        {
            "id": "61559226894462",
            "count": 0,
            "lastInteraction": null
        },
        {
            "id": "61560332123300",
            "count": 0,
            "lastInteraction": null
        },
        {
            "id": "61561126281823",
            "count": 0,
            "lastInteraction": null
        },
        {
            "id": "61561974429884",
            "count": 0,
            "lastInteraction": null
        },
        {
            "id": "61562065684133",
            "count": 0,
            "lastInteraction": null
        },
        {
            "id": "100000194247253",
            "count": 0,
            "lastInteraction": null
        },
        {
            "id": "100000330653855",
            "count": 0,
            "lastInteraction": null
        },
        {
            "id": "100000493975005",
            "count": 0,
            "lastInteraction": null
        },
        {
            "id": "100000722572131",
            "count": 0,
            "lastInteraction": null
        },
        {
            "id": "100000975916829",
            "count": 0,
            "lastInteraction": null
        },
        {
            "id": "100001134374202",
            "count": 0,
            "lastInteraction": null
        },
        {
            "id": "100001886633702",
            "count": 0,
            "lastInteraction": null
        },
        {
            "id": "100002685839144",
            "count": 0,
            "lastInteraction": null
        },
        {
            "id": "100003359791187",
            "count": 0,
            "lastInteraction": null
        },
        {
            "id": "100004024820917",
            "count": 0,
            "lastInteraction": null
        },
        {
            "id": "100009713618289",
            "count": 3,
            "lastInteraction": 1723243996060
        },
        {
            "id": "100026580851887",
            "count": 1,
            "lastInteraction": 1723248822562
        },
        {
            "id": "100027248830437",
            "count": 0,
            "lastInteraction": null
        },
        {
            "id": "100030259834679",
            "count": 0,
            "lastInteraction": null
        },
        {
            "id": "100038191185113",
            "count": 0,
            "lastInteraction": null
        },
        {
            "id": "100038678414010",
            "count": 0,
            "lastInteraction": null
        },
        {
            "id": "100041296170925",
            "count": 0,
            "lastInteraction": null
        },
        {
            "id": "100048286966787",
            "count": 0,
            "lastInteraction": null
        },
        {
            "id": "100050828770533",
            "count": 0,
            "lastInteraction": null
        },
        {
            "id": "100057273502696",
            "count": 0,
            "lastInteraction": null
        },
        {
            "id": "100061183894247",
            "count": 0,
            "lastInteraction": null
        },
        {
            "id": "100063600331393",
            "count": 0,
            "lastInteraction": null
        },
        {
            "id": "100064533063816",
            "count": 0,
            "lastInteraction": null
        },
        {
            "id": "100066838458710",
            "count": 0,
            "lastInteraction": null
        },
        {
            "id": "100067508386723",
            "count": 0,
            "lastInteraction": null
        },
        {
            "id": "100068096370437",
            "count": 11,
            "lastInteraction": 1723276477785
        },
        {
            "id": "100073006473576",
            "count": 0,
            "lastInteraction": null
        },
        {
            "id": "100073964882304",
            "count": 0,
            "lastInteraction": null
        },
        {
            "id": "100074278195157",
            "count": 0,
            "lastInteraction": null
        },
        {
            "id": "100075198002506",
            "count": 0,
            "lastInteraction": null
        },
        {
            "id": "100075493308135",
            "count": 0,
            "lastInteraction": null
        },
        {
            "id": "100077522648264",
            "count": 0,
            "lastInteraction": null
        },
        {
            "id": "100080650356088",
            "count": 0,
            "lastInteraction": null
        },
        {
            "id": "100081797352234",
            "count": 0,
            "lastInteraction": null
        },
        {
            "id": "100083166338312",
            "count": 0,
            "lastInteraction": null
        },
        {
            "id": "100083205727767",
            "count": 0,
            "lastInteraction": null
        },
        {
            "id": "100086649001317",
            "count": 0,
            "lastInteraction": null
        },
        {
            "id": "100088449372985",
            "count": 0,
            "lastInteraction": null
        },
        {
            "id": "100089071639839",
            "count": 35,
            "lastInteraction": 1723277843318
        },
        {
            "id": "100089195796584",
            "count": 0,
            "lastInteraction": null
        },
        {
            "id": "100090204294234",
            "count": 0,
            "lastInteraction": null
        },
        {
            "id": "100090458979503",
            "count": 0,
            "lastInteraction": null
        },
        {
            "id": "100091715182610",
            "count": 0,
            "lastInteraction": null
        },
        {
            "id": "100092744481406",
            "count": 0,
            "lastInteraction": null
        },
        {
            "id": "100093814743722",
            "count": 14,
            "lastInteraction": 1723277844342
        },
        {
            "id": "100094043574093",
            "count": 0,
            "lastInteraction": null
        },
        {
            "id": "100094236391871",
            "count": 0,
            "lastInteraction": null
        },
        {
            "id": "100094629826721",
            "count": 0,
            "lastInteraction": null
        },
        {
            "id": "100007621141247",
            "count": 19,
            "lastInteraction": 1723260233394
        },
        {
            "id": "100055154154050",
            "count": 0,
            "lastInteraction": null
        },
        {
            "id": "61562557302633",
            "count": 0,
            "lastInteraction": null
        },
        {
            "id": "100087831813426",
            "count": 0,
            "lastInteraction": null
        },
        {
            "id": "100059637681768",
            "count": 0,
            "lastInteraction": null
        }
    ],
    "time": 6
}