{
    "total": [
        {
            "id": "100078685150583",
            "count": 0,
            "lastInteraction": null
        },
        {
            "id": "100015168693345",
            "count": 0,
            "lastInteraction": null
        },
        {
            "id": "100044876354110",
            "count": 0,
            "lastInteraction": null
        },
        {
            "id": "100065343271306",
            "count": 0,
            "lastInteraction": null
        },
        {
            "id": "100088121211056",
            "count": 0,
            "lastInteraction": null
        },
        {
            "id": "100041798971673",
            "count": 0,
            "lastInteraction": null
        },
        {
            "id": "100055932770503",
            "count": 0,
            "lastInteraction": null
        },
        {
            "id": "100068012926484",
            "count": 0,
            "lastInteraction": null
        },
        {
            "id": "100010778418483",
            "count": 0,
            "lastInteraction": null
        },
        {
            "id": "100055403230723",
            "count": 0,
            "lastInteraction": null
        },
        {
            "id": "100046201030682",
            "count": 0,
            "lastInteraction": null
        },
        {
            "id": "100045716794760",
            "count": 0,
            "lastInteraction": null
        },
        {
            "id": "100015131567957",
            "count": 0,
            "lastInteraction": null
        },
        {
            "id": "100039770317543",
            "count": 0,
            "lastInteraction": null
        },
        {
            "id": "100057943264929",
            "count": 0,
            "lastInteraction": null
        },
        {
            "id": "100041723970860",
            "count": 0,
            "lastInteraction": null
        },
        {
            "id": "100047238399803",
            "count": 0,
            "lastInteraction": null
        },
        {
            "id": "100078731272483",
            "count": 0,
            "lastInteraction": null
        },
        {
            "id": "100090046665751",
            "count": 0,
            "lastInteraction": null
        },
        {
            "id": "100072188613018",
            "count": 0,
            "lastInteraction": null
        },
        {
            "id": "100071844281915",
            "count": 0,
            "lastInteraction": null
        },
        {
            "id": "100064891482251",
            "count": 0,
            "lastInteraction": null
        },
        {
            "id": "100087567136098",
            "count": 0,
            "lastInteraction": null
        },
        {
            "id": "100018005062529",
            "count": 0,
            "lastInteraction": null
        },
        {
            "id": "100016608760941",
            "count": 0,
            "lastInteraction": null
        },
        {
            "id": "100052911351043",
            "count": 0,
            "lastInteraction": null
        },
        {
            "id": "100054319611184",
            "count": 0,
            "lastInteraction": null
        },
        {
            "id": "100075040310560",
            "count": 0,
            "lastInteraction": null
        },
        {
            "id": "100054998893633",
            "count": 0,
            "lastInteraction": null
        },
        {
            "id": "100044095006723",
            "count": 0,
            "lastInteraction": null
        },
        {
            "id": "100090871694662",
            "count": 0,
            "lastInteraction": null
        },
        {
            "id": "100042024668581",
            "count": 0,
            "lastInteraction": null
        },
        {
            "id": "100089363306479",
            "count": 0,
            "lastInteraction": null
        },
        {
            "id": "100043239510137",
            "count": 0,
            "lastInteraction": null
        },
        {
            "id": "100078405672685",
            "count": 0,
            "lastInteraction": null
        },
        {
            "id": "100086646916664",
            "count": 0,
            "lastInteraction": null
        },
        {
            "id": "100054741097816",
            "count": 0,
            "lastInteraction": null
        },
        {
            "id": "61557354486365",
            "count": 0,
            "lastInteraction": null
        },
        {
            "id": "100068091521330",
            "count": 0,
            "lastInteraction": null
        },
        {
            "id": "100091428146933",
            "count": 0,
            "lastInteraction": null
        },
        {
            "id": "100032037140714",
            "count": 0,
            "lastInteraction": null
        },
        {
            "id": "100079523502351",
            "count": 0,
            "lastInteraction": null
        },
        {
            "id": "100055530836292",
            "count": 2,
            "lastInteraction": 1724893174863
        },
        {
            "id": "100064883590109",
            "count": 0,
            "lastInteraction": null
        },
        {
            "id": "100082636100508",
            "count": 0,
            "lastInteraction": null
        },
        {
            "id": "100010026842090",
            "count": 0,
            "lastInteraction": null
        },
        {
            "id": "100064993922806",
            "count": 0,
            "lastInteraction": null
        },
        {
            "id": "100040258237383",
            "count": 0,
            "lastInteraction": null
        },
        {
            "id": "100066793120219",
            "count": 0,
            "lastInteraction": null
        },
        {
            "id": "100085154081198",
            "count": 0,
            "lastInteraction": null
        },
        {
            "id": "100044481919451",
            "count": 0,
            "lastInteraction": null
        },
        {
            "id": "100089801763769",
            "count": 0,
            "lastInteraction": null
        },
        {
            "id": "100046045936795",
            "count": 0,
            "lastInteraction": null
        },
        {
            "id": "100062520046717",
            "count": 0,
            "lastInteraction": null
        },
        {
            "id": "100020359839616",
            "count": 0,
            "lastInteraction": null
        },
        {
            "id": "100027871187362",
            "count": 0,
            "lastInteraction": null
        },
        {
            "id": "100079038009394",
            "count": 0,
            "lastInteraction": null
        },
        {
            "id": "100085098600966",
            "count": 0,
            "lastInteraction": null
        },
        {
            "id": "100070261356442",
            "count": 0,
            "lastInteraction": null
        },
        {
            "id": "100091982267350",
            "count": 0,
            "lastInteraction": null
        },
        {
            "id": "100087128565622",
            "count": 0,
            "lastInteraction": null
        },
        {
            "id": "100080922802311",
            "count": 0,
            "lastInteraction": null
        },
        {
            "id": "61564884756626",
            "count": 0,
            "lastInteraction": null
        },
        {
            "id": "100077018405888",
            "count": 0,
            "lastInteraction": null
        }
    ],
    "week": [
        {
            "id": "100078685150583",
            "count": 0,
            "lastInteraction": null
        },
        {
            "id": "100015168693345",
            "count": 0,
            "lastInteraction": null
        },
        {
            "id": "100044876354110",
            "count": 0,
            "lastInteraction": null
        },
        {
            "id": "100065343271306",
            "count": 0,
            "lastInteraction": null
        },
        {
            "id": "100088121211056",
            "count": 0,
            "lastInteraction": null
        },
        {
            "id": "100041798971673",
            "count": 0,
            "lastInteraction": null
        },
        {
            "id": "100055932770503",
            "count": 0,
            "lastInteraction": null
        },
        {
            "id": "100068012926484",
            "count": 0,
            "lastInteraction": null
        },
        {
            "id": "100010778418483",
            "count": 0,
            "lastInteraction": null
        },
        {
            "id": "100055403230723",
            "count": 0,
            "lastInteraction": null
        },
        {
            "id": "100046201030682",
            "count": 0,
            "lastInteraction": null
        },
        {
            "id": "100045716794760",
            "count": 0,
            "lastInteraction": null
        },
        {
            "id": "100015131567957",
            "count": 0,
            "lastInteraction": null
        },
        {
            "id": "100039770317543",
            "count": 0,
            "lastInteraction": null
        },
        {
            "id": "100057943264929",
            "count": 0,
            "lastInteraction": null
        },
        {
            "id": "100041723970860",
            "count": 0,
            "lastInteraction": null
        },
        {
            "id": "100047238399803",
            "count": 0,
            "lastInteraction": null
        },
        {
            "id": "100078731272483",
            "count": 0,
            "lastInteraction": null
        },
        {
            "id": "100090046665751",
            "count": 0,
            "lastInteraction": null
        },
        {
            "id": "100072188613018",
            "count": 0,
            "lastInteraction": null
        },
        {
            "id": "100071844281915",
            "count": 0,
            "lastInteraction": null
        },
        {
            "id": "100064891482251",
            "count": 0,
            "lastInteraction": null
        },
        {
            "id": "100087567136098",
            "count": 0,
            "lastInteraction": null
        },
        {
            "id": "100018005062529",
            "count": 0,
            "lastInteraction": null
        },
        {
            "id": "100016608760941",
            "count": 0,
            "lastInteraction": null
        },
        {
            "id": "100052911351043",
            "count": 0,
            "lastInteraction": null
        },
        {
            "id": "100054319611184",
            "count": 0,
            "lastInteraction": null
        },
        {
            "id": "100075040310560",
            "count": 0,
            "lastInteraction": null
        },
        {
            "id": "100054998893633",
            "count": 0,
            "lastInteraction": null
        },
        {
            "id": "100044095006723",
            "count": 0,
            "lastInteraction": null
        },
        {
            "id": "100090871694662",
            "count": 0,
            "lastInteraction": null
        },
        {
            "id": "100042024668581",
            "count": 0,
            "lastInteraction": null
        },
        {
            "id": "100089363306479",
            "count": 0,
            "lastInteraction": null
        },
        {
            "id": "100043239510137",
            "count": 0,
            "lastInteraction": null
        },
        {
            "id": "100078405672685",
            "count": 0,
            "lastInteraction": null
        },
        {
            "id": "100086646916664",
            "count": 0,
            "lastInteraction": null
        },
        {
            "id": "100054741097816",
            "count": 0,
            "lastInteraction": null
        },
        {
            "id": "61557354486365",
            "count": 0,
            "lastInteraction": null
        },
        {
            "id": "100068091521330",
            "count": 0,
            "lastInteraction": null
        },
        {
            "id": "100091428146933",
            "count": 0,
            "lastInteraction": null
        },
        {
            "id": "100032037140714",
            "count": 0,
            "lastInteraction": null
        },
        {
            "id": "100079523502351",
            "count": 0,
            "lastInteraction": null
        },
        {
            "id": "100055530836292",
            "count": 2,
            "lastInteraction": 1724893174863
        },
        {
            "id": "100064883590109",
            "count": 0,
            "lastInteraction": null
        },
        {
            "id": "100082636100508",
            "count": 0,
            "lastInteraction": null
        },
        {
            "id": "100010026842090",
            "count": 0,
            "lastInteraction": null
        },
        {
            "id": "100064993922806",
            "count": 0,
            "lastInteraction": null
        },
        {
            "id": "100040258237383",
            "count": 0,
            "lastInteraction": null
        },
        {
            "id": "100066793120219",
            "count": 0,
            "lastInteraction": null
        },
        {
            "id": "100085154081198",
            "count": 0,
            "lastInteraction": null
        },
        {
            "id": "100044481919451",
            "count": 0,
            "lastInteraction": null
        },
        {
            "id": "100089801763769",
            "count": 0,
            "lastInteraction": null
        },
        {
            "id": "100046045936795",
            "count": 0,
            "lastInteraction": null
        },
        {
            "id": "100062520046717",
            "count": 0,
            "lastInteraction": null
        },
        {
            "id": "100020359839616",
            "count": 0,
            "lastInteraction": null
        },
        {
            "id": "100027871187362",
            "count": 0,
            "lastInteraction": null
        },
        {
            "id": "100079038009394",
            "count": 0,
            "lastInteraction": null
        },
        {
            "id": "100085098600966",
            "count": 0,
            "lastInteraction": null
        },
        {
            "id": "100070261356442",
            "count": 0,
            "lastInteraction": null
        },
        {
            "id": "100091982267350",
            "count": 0,
            "lastInteraction": null
        },
        {
            "id": "100087128565622",
            "count": 0,
            "lastInteraction": null
        },
        {
            "id": "100080922802311",
            "count": 0,
            "lastInteraction": null
        },
        {
            "id": "61564884756626",
            "count": 0,
            "lastInteraction": null
        },
        {
            "id": "100077018405888",
            "count": 0,
            "lastInteraction": null
        }
    ],
    "day": [
        {
            "id": "100078685150583",
            "count": 0,
            "lastInteraction": null
        },
        {
            "id": "100015168693345",
            "count": 0,
            "lastInteraction": null
        },
        {
            "id": "100044876354110",
            "count": 0,
            "lastInteraction": null
        },
        {
            "id": "100065343271306",
            "count": 0,
            "lastInteraction": null
        },
        {
            "id": "100088121211056",
            "count": 0,
            "lastInteraction": null
        },
        {
            "id": "100041798971673",
            "count": 0,
            "lastInteraction": null
        },
        {
            "id": "100055932770503",
            "count": 0,
            "lastInteraction": null
        },
        {
            "id": "100068012926484",
            "count": 0,
            "lastInteraction": null
        },
        {
            "id": "100010778418483",
            "count": 0,
            "lastInteraction": null
        },
        {
            "id": "100055403230723",
            "count": 0,
            "lastInteraction": null
        },
        {
            "id": "100046201030682",
            "count": 0,
            "lastInteraction": null
        },
        {
            "id": "100045716794760",
            "count": 0,
            "lastInteraction": null
        },
        {
            "id": "100015131567957",
            "count": 0,
            "lastInteraction": null
        },
        {
            "id": "100039770317543",
            "count": 0,
            "lastInteraction": null
        },
        {
            "id": "100057943264929",
            "count": 0,
            "lastInteraction": null
        },
        {
            "id": "100041723970860",
            "count": 0,
            "lastInteraction": null
        },
        {
            "id": "100047238399803",
            "count": 0,
            "lastInteraction": null
        },
        {
            "id": "100078731272483",
            "count": 0,
            "lastInteraction": null
        },
        {
            "id": "100090046665751",
            "count": 0,
            "lastInteraction": null
        },
        {
            "id": "100072188613018",
            "count": 0,
            "lastInteraction": null
        },
        {
            "id": "100071844281915",
            "count": 0,
            "lastInteraction": null
        },
        {
            "id": "100064891482251",
            "count": 0,
            "lastInteraction": null
        },
        {
            "id": "100087567136098",
            "count": 0,
            "lastInteraction": null
        },
        {
            "id": "100018005062529",
            "count": 0,
            "lastInteraction": null
        },
        {
            "id": "100016608760941",
            "count": 0,
            "lastInteraction": null
        },
        {
            "id": "100052911351043",
            "count": 0,
            "lastInteraction": null
        },
        {
            "id": "100054319611184",
            "count": 0,
            "lastInteraction": null
        },
        {
            "id": "100075040310560",
            "count": 0,
            "lastInteraction": null
        },
        {
            "id": "100054998893633",
            "count": 0,
            "lastInteraction": null
        },
        {
            "id": "100044095006723",
            "count": 0,
            "lastInteraction": null
        },
        {
            "id": "100090871694662",
            "count": 0,
            "lastInteraction": null
        },
        {
            "id": "100042024668581",
            "count": 0,
            "lastInteraction": null
        },
        {
            "id": "100089363306479",
            "count": 0,
            "lastInteraction": null
        },
        {
            "id": "100043239510137",
            "count": 0,
            "lastInteraction": null
        },
        {
            "id": "100078405672685",
            "count": 0,
            "lastInteraction": null
        },
        {
            "id": "100086646916664",
            "count": 0,
            "lastInteraction": null
        },
        {
            "id": "100054741097816",
            "count": 0,
            "lastInteraction": null
        },
        {
            "id": "61557354486365",
            "count": 0,
            "lastInteraction": null
        },
        {
            "id": "100068091521330",
            "count": 0,
            "lastInteraction": null
        },
        {
            "id": "100091428146933",
            "count": 0,
            "lastInteraction": null
        },
        {
            "id": "100032037140714",
            "count": 0,
            "lastInteraction": null
        },
        {
            "id": "100079523502351",
            "count": 0,
            "lastInteraction": null
        },
        {
            "id": "100055530836292",
            "count": 2,
            "lastInteraction": 1724893174863
        },
        {
            "id": "100064883590109",
            "count": 0,
            "lastInteraction": null
        },
        {
            "id": "100082636100508",
            "count": 0,
            "lastInteraction": null
        },
        {
            "id": "100010026842090",
            "count": 0,
            "lastInteraction": null
        },
        {
            "id": "100064993922806",
            "count": 0,
            "lastInteraction": null
        },
        {
            "id": "100040258237383",
            "count": 0,
            "lastInteraction": null
        },
        {
            "id": "100066793120219",
            "count": 0,
            "lastInteraction": null
        },
        {
            "id": "100085154081198",
            "count": 0,
            "lastInteraction": null
        },
        {
            "id": "100044481919451",
            "count": 0,
            "lastInteraction": null
        },
        {
            "id": "100089801763769",
            "count": 0,
            "lastInteraction": null
        },
        {
            "id": "100046045936795",
            "count": 0,
            "lastInteraction": null
        },
        {
            "id": "100062520046717",
            "count": 0,
            "lastInteraction": null
        },
        {
            "id": "100020359839616",
            "count": 0,
            "lastInteraction": null
        },
        {
            "id": "100027871187362",
            "count": 0,
            "lastInteraction": null
        },
        {
            "id": "100079038009394",
            "count": 0,
            "lastInteraction": null
        },
        {
            "id": "100085098600966",
            "count": 0,
            "lastInteraction": null
        },
        {
            "id": "100070261356442",
            "count": 0,
            "lastInteraction": null
        },
        {
            "id": "100091982267350",
            "count": 0,
            "lastInteraction": null
        },
        {
            "id": "100087128565622",
            "count": 0,
            "lastInteraction": null
        },
        {
            "id": "100080922802311",
            "count": 0,
            "lastInteraction": null
        },
        {
            "id": "61564884756626",
            "count": 0,
            "lastInteraction": null
        },
        {
            "id": "100077018405888",
            "count": 0,
            "lastInteraction": null
        }
    ],
    "month": [
        {
            "id": "100078685150583",
            "count": 0,
            "lastInteraction": null
        },
        {
            "id": "100015168693345",
            "count": 0,
            "lastInteraction": null
        },
        {
            "id": "100044876354110",
            "count": 0,
            "lastInteraction": null
        },
        {
            "id": "100065343271306",
            "count": 0,
            "lastInteraction": null
        },
        {
            "id": "100088121211056",
            "count": 0,
            "lastInteraction": null
        },
        {
            "id": "100041798971673",
            "count": 0,
            "lastInteraction": null
        },
        {
            "id": "100055932770503",
            "count": 0,
            "lastInteraction": null
        },
        {
            "id": "100068012926484",
            "count": 0,
            "lastInteraction": null
        },
        {
            "id": "100010778418483",
            "count": 0,
            "lastInteraction": null
        },
        {
            "id": "100055403230723",
            "count": 0,
            "lastInteraction": null
        },
        {
            "id": "100046201030682",
            "count": 0,
            "lastInteraction": null
        },
        {
            "id": "100045716794760",
            "count": 0,
            "lastInteraction": null
        },
        {
            "id": "100015131567957",
            "count": 0,
            "lastInteraction": null
        },
        {
            "id": "100039770317543",
            "count": 0,
            "lastInteraction": null
        },
        {
            "id": "100057943264929",
            "count": 0,
            "lastInteraction": null
        },
        {
            "id": "100041723970860",
            "count": 0,
            "lastInteraction": null
        },
        {
            "id": "100047238399803",
            "count": 0,
            "lastInteraction": null
        },
        {
            "id": "100078731272483",
            "count": 0,
            "lastInteraction": null
        },
        {
            "id": "100090046665751",
            "count": 0,
            "lastInteraction": null
        },
        {
            "id": "100072188613018",
            "count": 0,
            "lastInteraction": null
        },
        {
            "id": "100071844281915",
            "count": 0,
            "lastInteraction": null
        },
        {
            "id": "100064891482251",
            "count": 0,
            "lastInteraction": null
        },
        {
            "id": "100087567136098",
            "count": 0,
            "lastInteraction": null
        },
        {
            "id": "100018005062529",
            "count": 0,
            "lastInteraction": null
        },
        {
            "id": "100016608760941",
            "count": 0,
            "lastInteraction": null
        },
        {
            "id": "100052911351043",
            "count": 0,
            "lastInteraction": null
        },
        {
            "id": "100054319611184",
            "count": 0,
            "lastInteraction": null
        },
        {
            "id": "100075040310560",
            "count": 0,
            "lastInteraction": null
        },
        {
            "id": "100054998893633",
            "count": 0,
            "lastInteraction": null
        },
        {
            "id": "100044095006723",
            "count": 0,
            "lastInteraction": null
        },
        {
            "id": "100090871694662",
            "count": 0,
            "lastInteraction": null
        },
        {
            "id": "100042024668581",
            "count": 0,
            "lastInteraction": null
        },
        {
            "id": "100089363306479",
            "count": 0,
            "lastInteraction": null
        },
        {
            "id": "100043239510137",
            "count": 0,
            "lastInteraction": null
        },
        {
            "id": "100078405672685",
            "count": 0,
            "lastInteraction": null
        },
        {
            "id": "100086646916664",
            "count": 0,
            "lastInteraction": null
        },
        {
            "id": "100054741097816",
            "count": 0,
            "lastInteraction": null
        },
        {
            "id": "61557354486365",
            "count": 0,
            "lastInteraction": null
        },
        {
            "id": "100068091521330",
            "count": 0,
            "lastInteraction": null
        },
        {
            "id": "100091428146933",
            "count": 0,
            "lastInteraction": null
        },
        {
            "id": "100032037140714",
            "count": 0,
            "lastInteraction": null
        },
        {
            "id": "100079523502351",
            "count": 0,
            "lastInteraction": null
        },
        {
            "id": "100055530836292",
            "count": 2,
            "lastInteraction": 1724893174863
        },
        {
            "id": "100064883590109",
            "count": 0,
            "lastInteraction": null
        },
        {
            "id": "100082636100508",
            "count": 0,
            "lastInteraction": null
        },
        {
            "id": "100010026842090",
            "count": 0,
            "lastInteraction": null
        },
        {
            "id": "100064993922806",
            "count": 0,
            "lastInteraction": null
        },
        {
            "id": "100040258237383",
            "count": 0,
            "lastInteraction": null
        },
        {
            "id": "100066793120219",
            "count": 0,
            "lastInteraction": null
        },
        {
            "id": "100085154081198",
            "count": 0,
            "lastInteraction": null
        },
        {
            "id": "100044481919451",
            "count": 0,
            "lastInteraction": null
        },
        {
            "id": "100089801763769",
            "count": 0,
            "lastInteraction": null
        },
        {
            "id": "100046045936795",
            "count": 0,
            "lastInteraction": null
        },
        {
            "id": "100062520046717",
            "count": 0,
            "lastInteraction": null
        },
        {
            "id": "100020359839616",
            "count": 0,
            "lastInteraction": null
        },
        {
            "id": "100027871187362",
            "count": 0,
            "lastInteraction": null
        },
        {
            "id": "100079038009394",
            "count": 0,
            "lastInteraction": null
        },
        {
            "id": "100085098600966",
            "count": 0,
            "lastInteraction": null
        },
        {
            "id": "100070261356442",
            "count": 0,
            "lastInteraction": null
        },
        {
            "id": "100091982267350",
            "count": 0,
            "lastInteraction": null
        },
        {
            "id": "100087128565622",
            "count": 0,
            "lastInteraction": null
        },
        {
            "id": "100080922802311",
            "count": 0,
            "lastInteraction": null
        },
        {
            "id": "61564884756626",
            "count": 0,
            "lastInteraction": null
        },
        {
            "id": "100077018405888",
            "count": 0,
            "lastInteraction": null
        }
    ],
    "time": 4
}