{
    "total": [
        {
            "id": "512037995",
            "count": 0,
            "lastInteraction": null
        },
        {
            "id": "537846897",
            "count": 0,
            "lastInteraction": null
        },
        {
            "id": "1074491699",
            "count": 1,
            "lastInteraction": 1723268190908
        },
        {
            "id": "1334285798",
            "count": 0,
            "lastInteraction": null
        },
        {
            "id": "1390219802",
            "count": 0,
            "lastInteraction": null
        },
        {
            "id": "1453132976",
            "count": 0,
            "lastInteraction": null
        },
        {
            "id": "1550702797",
            "count": 0,
            "lastInteraction": null
        },
        {
            "id": "1631016269",
            "count": 0,
            "lastInteraction": null
        },
        {
            "id": "1655389516",
            "count": 0,
            "lastInteraction": null
        },
        {
            "id": "61550330849421",
            "count": 0,
            "lastInteraction": null
        },
        {
            "id": "61550521925292",
            "count": 0,
            "lastInteraction": null
        },
        {
            "id": "61550553504270",
            "count": 0,
            "lastInteraction": null
        },
        {
            "id": "61551793060521",
            "count": 0,
            "lastInteraction": null
        },
        {
            "id": "61552548836547",
            "count": 0,
            "lastInteraction": null
        },
        {
            "id": "61553076033146",
            "count": 0,
            "lastInteraction": null
        },
        {
            "id": "61554625180899",
            "count": 0,
            "lastInteraction": null
        },
        {
            "id": "61555285437833",
            "count": 0,
            "lastInteraction": null
        },
        {
            "id": "61556653805858",
            "count": 0,
            "lastInteraction": null
        },
        {
            "id": "61557545543030",
            "count": 0,
            "lastInteraction": null
        },
        {
            "id": "61557610827776",
            "count": 0,
            "lastInteraction": null
        },
        {
            "id": "61558463866707",
            "count": 0,
            "lastInteraction": null
        },
        {
            "id": "61559226894462",
            "count": 0,
            "lastInteraction": null
        },
        {
            "id": "61559739035803",
            "count": 0,
            "lastInteraction": null
        },
        {
            "id": "61559794748819",
            "count": 1,
            "lastInteraction": 1723268184990
        },
        {
            "id": "61559948758595",
            "count": 0,
            "lastInteraction": null
        },
        {
            "id": "61560011177115",
            "count": 0,
            "lastInteraction": null
        },
        {
            "id": "61560179044114",
            "count": 0,
            "lastInteraction": null
        },
        {
            "id": "61560336212961",
            "count": 0,
            "lastInteraction": null
        },
        {
            "id": "61560366632523",
            "count": 0,
            "lastInteraction": null
        },
        {
            "id": "61560435622724",
            "count": 0,
            "lastInteraction": null
        },
        {
            "id": "61560888246743",
            "count": 0,
            "lastInteraction": null
        },
        {
            "id": "61561087751392",
            "count": 0,
            "lastInteraction": null
        },
        {
            "id": "61561768694066",
            "count": 0,
            "lastInteraction": null
        },
        {
            "id": "61561974429884",
            "count": 0,
            "lastInteraction": null
        },
        {
            "id": "61562065684133",
            "count": 0,
            "lastInteraction": null
        },
        {
            "id": "61562299303915",
            "count": 0,
            "lastInteraction": null
        },
        {
            "id": "61562377964092",
            "count": 0,
            "lastInteraction": null
        },
        {
            "id": "61562968221697",
            "count": 0,
            "lastInteraction": null
        },
        {
            "id": "100000493975005",
            "count": 0,
            "lastInteraction": null
        },
        {
            "id": "100001134374202",
            "count": 0,
            "lastInteraction": null
        },
        {
            "id": "100001180529002",
            "count": 0,
            "lastInteraction": null
        },
        {
            "id": "100001694557118",
            "count": 0,
            "lastInteraction": null
        },
        {
            "id": "100002547976379",
            "count": 0,
            "lastInteraction": null
        },
        {
            "id": "100003615799450",
            "count": 0,
            "lastInteraction": null
        },
        {
            "id": "100003897548166",
            "count": 0,
            "lastInteraction": null
        },
        {
            "id": "100004366982560",
            "count": 0,
            "lastInteraction": null
        },
        {
            "id": "100030259834679",
            "count": 0,
            "lastInteraction": null
        },
        {
            "id": "100030967444445",
            "count": 0,
            "lastInteraction": null
        },
        {
            "id": "100033987943628",
            "count": 0,
            "lastInteraction": null
        },
        {
            "id": "100037211391552",
            "count": 0,
            "lastInteraction": null
        },
        {
            "id": "100038740121428",
            "count": 0,
            "lastInteraction": null
        },
        {
            "id": "100048286966787",
            "count": 0,
            "lastInteraction": null
        },
        {
            "id": "100054303594421",
            "count": 0,
            "lastInteraction": null
        },
        {
            "id": "100055154154050",
            "count": 0,
            "lastInteraction": null
        },
        {
            "id": "100067508386723",
            "count": 0,
            "lastInteraction": null
        },
        {
            "id": "100068096370437",
            "count": 6,
            "lastInteraction": 1723269958344
        },
        {
            "id": "100072191102822",
            "count": 0,
            "lastInteraction": null
        },
        {
            "id": "100075198002506",
            "count": 0,
            "lastInteraction": null
        },
        {
            "id": "100075493308135",
            "count": 0,
            "lastInteraction": null
        },
        {
            "id": "100079027159606",
            "count": 0,
            "lastInteraction": null
        },
        {
            "id": "100087081248423",
            "count": 0,
            "lastInteraction": null
        },
        {
            "id": "100088968683732",
            "count": 0,
            "lastInteraction": null
        },
        {
            "id": "100089195796584",
            "count": 0,
            "lastInteraction": null
        },
        {
            "id": "100090458979503",
            "count": 0,
            "lastInteraction": null
        },
        {
            "id": "100092744481406",
            "count": 0,
            "lastInteraction": null
        },
        {
            "id": "100094629826721",
            "count": 0,
            "lastInteraction": null
        }
    ],
    "week": [
        {
            "id": "512037995",
            "count": 0,
            "lastInteraction": null
        },
        {
            "id": "537846897",
            "count": 0,
            "lastInteraction": null
        },
        {
            "id": "1074491699",
            "count": 1,
            "lastInteraction": 1723268190908
        },
        {
            "id": "1334285798",
            "count": 0,
            "lastInteraction": null
        },
        {
            "id": "1390219802",
            "count": 0,
            "lastInteraction": null
        },
        {
            "id": "1453132976",
            "count": 0,
            "lastInteraction": null
        },
        {
            "id": "1550702797",
            "count": 0,
            "lastInteraction": null
        },
        {
            "id": "1631016269",
            "count": 0,
            "lastInteraction": null
        },
        {
            "id": "1655389516",
            "count": 0,
            "lastInteraction": null
        },
        {
            "id": "61550330849421",
            "count": 0,
            "lastInteraction": null
        },
        {
            "id": "61550521925292",
            "count": 0,
            "lastInteraction": null
        },
        {
            "id": "61550553504270",
            "count": 0,
            "lastInteraction": null
        },
        {
            "id": "61551793060521",
            "count": 0,
            "lastInteraction": null
        },
        {
            "id": "61552548836547",
            "count": 0,
            "lastInteraction": null
        },
        {
            "id": "61553076033146",
            "count": 0,
            "lastInteraction": null
        },
        {
            "id": "61554625180899",
            "count": 0,
            "lastInteraction": null
        },
        {
            "id": "61555285437833",
            "count": 0,
            "lastInteraction": null
        },
        {
            "id": "61556653805858",
            "count": 0,
            "lastInteraction": null
        },
        {
            "id": "61557545543030",
            "count": 0,
            "lastInteraction": null
        },
        {
            "id": "61557610827776",
            "count": 0,
            "lastInteraction": null
        },
        {
            "id": "61558463866707",
            "count": 0,
            "lastInteraction": null
        },
        {
            "id": "61559226894462",
            "count": 0,
            "lastInteraction": null
        },
        {
            "id": "61559739035803",
            "count": 0,
            "lastInteraction": null
        },
        {
            "id": "61559794748819",
            "count": 1,
            "lastInteraction": 1723268184990
        },
        {
            "id": "61559948758595",
            "count": 0,
            "lastInteraction": null
        },
        {
            "id": "61560011177115",
            "count": 0,
            "lastInteraction": null
        },
        {
            "id": "61560179044114",
            "count": 0,
            "lastInteraction": null
        },
        {
            "id": "61560336212961",
            "count": 0,
            "lastInteraction": null
        },
        {
            "id": "61560366632523",
            "count": 0,
            "lastInteraction": null
        },
        {
            "id": "61560435622724",
            "count": 0,
            "lastInteraction": null
        },
        {
            "id": "61560888246743",
            "count": 0,
            "lastInteraction": null
        },
        {
            "id": "61561087751392",
            "count": 0,
            "lastInteraction": null
        },
        {
            "id": "61561768694066",
            "count": 0,
            "lastInteraction": null
        },
        {
            "id": "61561974429884",
            "count": 0,
            "lastInteraction": null
        },
        {
            "id": "61562065684133",
            "count": 0,
            "lastInteraction": null
        },
        {
            "id": "61562299303915",
            "count": 0,
            "lastInteraction": null
        },
        {
            "id": "61562377964092",
            "count": 0,
            "lastInteraction": null
        },
        {
            "id": "61562968221697",
            "count": 0,
            "lastInteraction": null
        },
        {
            "id": "100000493975005",
            "count": 0,
            "lastInteraction": null
        },
        {
            "id": "100001134374202",
            "count": 0,
            "lastInteraction": null
        },
        {
            "id": "100001180529002",
            "count": 0,
            "lastInteraction": null
        },
        {
            "id": "100001694557118",
            "count": 0,
            "lastInteraction": null
        },
        {
            "id": "100002547976379",
            "count": 0,
            "lastInteraction": null
        },
        {
            "id": "100003615799450",
            "count": 0,
            "lastInteraction": null
        },
        {
            "id": "100003897548166",
            "count": 0,
            "lastInteraction": null
        },
        {
            "id": "100004366982560",
            "count": 0,
            "lastInteraction": null
        },
        {
            "id": "100030259834679",
            "count": 0,
            "lastInteraction": null
        },
        {
            "id": "100030967444445",
            "count": 0,
            "lastInteraction": null
        },
        {
            "id": "100033987943628",
            "count": 0,
            "lastInteraction": null
        },
        {
            "id": "100037211391552",
            "count": 0,
            "lastInteraction": null
        },
        {
            "id": "100038740121428",
            "count": 0,
            "lastInteraction": null
        },
        {
            "id": "100048286966787",
            "count": 0,
            "lastInteraction": null
        },
        {
            "id": "100054303594421",
            "count": 0,
            "lastInteraction": null
        },
        {
            "id": "100055154154050",
            "count": 0,
            "lastInteraction": null
        },
        {
            "id": "100067508386723",
            "count": 0,
            "lastInteraction": null
        },
        {
            "id": "100068096370437",
            "count": 6,
            "lastInteraction": 1723269958344
        },
        {
            "id": "100072191102822",
            "count": 0,
            "lastInteraction": null
        },
        {
            "id": "100075198002506",
            "count": 0,
            "lastInteraction": null
        },
        {
            "id": "100075493308135",
            "count": 0,
            "lastInteraction": null
        },
        {
            "id": "100079027159606",
            "count": 0,
            "lastInteraction": null
        },
        {
            "id": "100087081248423",
            "count": 0,
            "lastInteraction": null
        },
        {
            "id": "100088968683732",
            "count": 0,
            "lastInteraction": null
        },
        {
            "id": "100089195796584",
            "count": 0,
            "lastInteraction": null
        },
        {
            "id": "100090458979503",
            "count": 0,
            "lastInteraction": null
        },
        {
            "id": "100092744481406",
            "count": 0,
            "lastInteraction": null
        },
        {
            "id": "100094629826721",
            "count": 0,
            "lastInteraction": null
        }
    ],
    "day": [
        {
            "id": "512037995",
            "count": 0,
            "lastInteraction": null
        },
        {
            "id": "537846897",
            "count": 0,
            "lastInteraction": null
        },
        {
            "id": "1074491699",
            "count": 1,
            "lastInteraction": 1723268190908
        },
        {
            "id": "1334285798",
            "count": 0,
            "lastInteraction": null
        },
        {
            "id": "1390219802",
            "count": 0,
            "lastInteraction": null
        },
        {
            "id": "1453132976",
            "count": 0,
            "lastInteraction": null
        },
        {
            "id": "1550702797",
            "count": 0,
            "lastInteraction": null
        },
        {
            "id": "1631016269",
            "count": 0,
            "lastInteraction": null
        },
        {
            "id": "1655389516",
            "count": 0,
            "lastInteraction": null
        },
        {
            "id": "61550330849421",
            "count": 0,
            "lastInteraction": null
        },
        {
            "id": "61550521925292",
            "count": 0,
            "lastInteraction": null
        },
        {
            "id": "61550553504270",
            "count": 0,
            "lastInteraction": null
        },
        {
            "id": "61551793060521",
            "count": 0,
            "lastInteraction": null
        },
        {
            "id": "61552548836547",
            "count": 0,
            "lastInteraction": null
        },
        {
            "id": "61553076033146",
            "count": 0,
            "lastInteraction": null
        },
        {
            "id": "61554625180899",
            "count": 0,
            "lastInteraction": null
        },
        {
            "id": "61555285437833",
            "count": 0,
            "lastInteraction": null
        },
        {
            "id": "61556653805858",
            "count": 0,
            "lastInteraction": null
        },
        {
            "id": "61557545543030",
            "count": 0,
            "lastInteraction": null
        },
        {
            "id": "61557610827776",
            "count": 0,
            "lastInteraction": null
        },
        {
            "id": "61558463866707",
            "count": 0,
            "lastInteraction": null
        },
        {
            "id": "61559226894462",
            "count": 0,
            "lastInteraction": null
        },
        {
            "id": "61559739035803",
            "count": 0,
            "lastInteraction": null
        },
        {
            "id": "61559794748819",
            "count": 1,
            "lastInteraction": 1723268184990
        },
        {
            "id": "61559948758595",
            "count": 0,
            "lastInteraction": null
        },
        {
            "id": "61560011177115",
            "count": 0,
            "lastInteraction": null
        },
        {
            "id": "61560179044114",
            "count": 0,
            "lastInteraction": null
        },
        {
            "id": "61560336212961",
            "count": 0,
            "lastInteraction": null
        },
        {
            "id": "61560366632523",
            "count": 0,
            "lastInteraction": null
        },
        {
            "id": "61560435622724",
            "count": 0,
            "lastInteraction": null
        },
        {
            "id": "61560888246743",
            "count": 0,
            "lastInteraction": null
        },
        {
            "id": "61561087751392",
            "count": 0,
            "lastInteraction": null
        },
        {
            "id": "61561768694066",
            "count": 0,
            "lastInteraction": null
        },
        {
            "id": "61561974429884",
            "count": 0,
            "lastInteraction": null
        },
        {
            "id": "61562065684133",
            "count": 0,
            "lastInteraction": null
        },
        {
            "id": "61562299303915",
            "count": 0,
            "lastInteraction": null
        },
        {
            "id": "61562377964092",
            "count": 0,
            "lastInteraction": null
        },
        {
            "id": "61562968221697",
            "count": 0,
            "lastInteraction": null
        },
        {
            "id": "100000493975005",
            "count": 0,
            "lastInteraction": null
        },
        {
            "id": "100001134374202",
            "count": 0,
            "lastInteraction": null
        },
        {
            "id": "100001180529002",
            "count": 0,
            "lastInteraction": null
        },
        {
            "id": "100001694557118",
            "count": 0,
            "lastInteraction": null
        },
        {
            "id": "100002547976379",
            "count": 0,
            "lastInteraction": null
        },
        {
            "id": "100003615799450",
            "count": 0,
            "lastInteraction": null
        },
        {
            "id": "100003897548166",
            "count": 0,
            "lastInteraction": null
        },
        {
            "id": "100004366982560",
            "count": 0,
            "lastInteraction": null
        },
        {
            "id": "100030259834679",
            "count": 0,
            "lastInteraction": null
        },
        {
            "id": "100030967444445",
            "count": 0,
            "lastInteraction": null
        },
        {
            "id": "100033987943628",
            "count": 0,
            "lastInteraction": null
        },
        {
            "id": "100037211391552",
            "count": 0,
            "lastInteraction": null
        },
        {
            "id": "100038740121428",
            "count": 0,
            "lastInteraction": null
        },
        {
            "id": "100048286966787",
            "count": 0,
            "lastInteraction": null
        },
        {
            "id": "100054303594421",
            "count": 0,
            "lastInteraction": null
        },
        {
            "id": "100055154154050",
            "count": 0,
            "lastInteraction": null
        },
        {
            "id": "100067508386723",
            "count": 0,
            "lastInteraction": null
        },
        {
            "id": "100068096370437",
            "count": 6,
            "lastInteraction": 1723269958344
        },
        {
            "id": "100072191102822",
            "count": 0,
            "lastInteraction": null
        },
        {
            "id": "100075198002506",
            "count": 0,
            "lastInteraction": null
        },
        {
            "id": "100075493308135",
            "count": 0,
            "lastInteraction": null
        },
        {
            "id": "100079027159606",
            "count": 0,
            "lastInteraction": null
        },
        {
            "id": "100087081248423",
            "count": 0,
            "lastInteraction": null
        },
        {
            "id": "100088968683732",
            "count": 0,
            "lastInteraction": null
        },
        {
            "id": "100089195796584",
            "count": 0,
            "lastInteraction": null
        },
        {
            "id": "100090458979503",
            "count": 0,
            "lastInteraction": null
        },
        {
            "id": "100092744481406",
            "count": 0,
            "lastInteraction": null
        },
        {
            "id": "100094629826721",
            "count": 0,
            "lastInteraction": null
        }
    ],
    "month": [
        {
            "id": "512037995",
            "count": 0,
            "lastInteraction": null
        },
        {
            "id": "537846897",
            "count": 0,
            "lastInteraction": null
        },
        {
            "id": "1074491699",
            "count": 1,
            "lastInteraction": 1723268190908
        },
        {
            "id": "1334285798",
            "count": 0,
            "lastInteraction": null
        },
        {
            "id": "1390219802",
            "count": 0,
            "lastInteraction": null
        },
        {
            "id": "1453132976",
            "count": 0,
            "lastInteraction": null
        },
        {
            "id": "1550702797",
            "count": 0,
            "lastInteraction": null
        },
        {
            "id": "1631016269",
            "count": 0,
            "lastInteraction": null
        },
        {
            "id": "1655389516",
            "count": 0,
            "lastInteraction": null
        },
        {
            "id": "61550330849421",
            "count": 0,
            "lastInteraction": null
        },
        {
            "id": "61550521925292",
            "count": 0,
            "lastInteraction": null
        },
        {
            "id": "61550553504270",
            "count": 0,
            "lastInteraction": null
        },
        {
            "id": "61551793060521",
            "count": 0,
            "lastInteraction": null
        },
        {
            "id": "61552548836547",
            "count": 0,
            "lastInteraction": null
        },
        {
            "id": "61553076033146",
            "count": 0,
            "lastInteraction": null
        },
        {
            "id": "61554625180899",
            "count": 0,
            "lastInteraction": null
        },
        {
            "id": "61555285437833",
            "count": 0,
            "lastInteraction": null
        },
        {
            "id": "61556653805858",
            "count": 0,
            "lastInteraction": null
        },
        {
            "id": "61557545543030",
            "count": 0,
            "lastInteraction": null
        },
        {
            "id": "61557610827776",
            "count": 0,
            "lastInteraction": null
        },
        {
            "id": "61558463866707",
            "count": 0,
            "lastInteraction": null
        },
        {
            "id": "61559226894462",
            "count": 0,
            "lastInteraction": null
        },
        {
            "id": "61559739035803",
            "count": 0,
            "lastInteraction": null
        },
        {
            "id": "61559794748819",
            "count": 1,
            "lastInteraction": 1723268184990
        },
        {
            "id": "61559948758595",
            "count": 0,
            "lastInteraction": null
        },
        {
            "id": "61560011177115",
            "count": 0,
            "lastInteraction": null
        },
        {
            "id": "61560179044114",
            "count": 0,
            "lastInteraction": null
        },
        {
            "id": "61560336212961",
            "count": 0,
            "lastInteraction": null
        },
        {
            "id": "61560366632523",
            "count": 0,
            "lastInteraction": null
        },
        {
            "id": "61560435622724",
            "count": 0,
            "lastInteraction": null
        },
        {
            "id": "61560888246743",
            "count": 0,
            "lastInteraction": null
        },
        {
            "id": "61561087751392",
            "count": 0,
            "lastInteraction": null
        },
        {
            "id": "61561768694066",
            "count": 0,
            "lastInteraction": null
        },
        {
            "id": "61561974429884",
            "count": 0,
            "lastInteraction": null
        },
        {
            "id": "61562065684133",
            "count": 0,
            "lastInteraction": null
        },
        {
            "id": "61562299303915",
            "count": 0,
            "lastInteraction": null
        },
        {
            "id": "61562377964092",
            "count": 0,
            "lastInteraction": null
        },
        {
            "id": "61562968221697",
            "count": 0,
            "lastInteraction": null
        },
        {
            "id": "100000493975005",
            "count": 0,
            "lastInteraction": null
        },
        {
            "id": "100001134374202",
            "count": 0,
            "lastInteraction": null
        },
        {
            "id": "100001180529002",
            "count": 0,
            "lastInteraction": null
        },
        {
            "id": "100001694557118",
            "count": 0,
            "lastInteraction": null
        },
        {
            "id": "100002547976379",
            "count": 0,
            "lastInteraction": null
        },
        {
            "id": "100003615799450",
            "count": 0,
            "lastInteraction": null
        },
        {
            "id": "100003897548166",
            "count": 0,
            "lastInteraction": null
        },
        {
            "id": "100004366982560",
            "count": 0,
            "lastInteraction": null
        },
        {
            "id": "100030259834679",
            "count": 0,
            "lastInteraction": null
        },
        {
            "id": "100030967444445",
            "count": 0,
            "lastInteraction": null
        },
        {
            "id": "100033987943628",
            "count": 0,
            "lastInteraction": null
        },
        {
            "id": "100037211391552",
            "count": 0,
            "lastInteraction": null
        },
        {
            "id": "100038740121428",
            "count": 0,
            "lastInteraction": null
        },
        {
            "id": "100048286966787",
            "count": 0,
            "lastInteraction": null
        },
        {
            "id": "100054303594421",
            "count": 0,
            "lastInteraction": null
        },
        {
            "id": "100055154154050",
            "count": 0,
            "lastInteraction": null
        },
        {
            "id": "100067508386723",
            "count": 0,
            "lastInteraction": null
        },
        {
            "id": "100068096370437",
            "count": 6,
            "lastInteraction": 1723269958344
        },
        {
            "id": "100072191102822",
            "count": 0,
            "lastInteraction": null
        },
        {
            "id": "100075198002506",
            "count": 0,
            "lastInteraction": null
        },
        {
            "id": "100075493308135",
            "count": 0,
            "lastInteraction": null
        },
        {
            "id": "100079027159606",
            "count": 0,
            "lastInteraction": null
        },
        {
            "id": "100087081248423",
            "count": 0,
            "lastInteraction": null
        },
        {
            "id": "100088968683732",
            "count": 0,
            "lastInteraction": null
        },
        {
            "id": "100089195796584",
            "count": 0,
            "lastInteraction": null
        },
        {
            "id": "100090458979503",
            "count": 0,
            "lastInteraction": null
        },
        {
            "id": "100092744481406",
            "count": 0,
            "lastInteraction": null
        },
        {
            "id": "100094629826721",
            "count": 0,
            "lastInteraction": null
        }
    ],
    "time": 6
}