{
    "total": [
        {
            "id": "100087549180891",
            "count": 12,
            "lastInteraction": 1724893188566
        },
        {
            "id": "100089367985760",
            "count": 0,
            "lastInteraction": null
        },
        {
            "id": "100073994117670",
            "count": 0,
            "lastInteraction": null
        },
        {
            "id": "100091402140707",
            "count": 0,
            "lastInteraction": null
        },
        {
            "id": "100080692868598",
            "count": 0,
            "lastInteraction": null
        },
        {
            "id": "61560456158580",
            "count": 1,
            "lastInteraction": 1724893069925
        },
        {
            "id": "100087128565622",
            "count": 4,
            "lastInteraction": 1724893212410
        },
        {
            "id": "61555960108469",
            "count": 0,
            "lastInteraction": null
        },
        {
            "id": "100083700532237",
            "count": 0,
            "lastInteraction": null
        },
        {
            "id": "100092169182747",
            "count": 0,
            "lastInteraction": null
        },
        {
            "id": "100076671529372",
            "count": 0,
            "lastInteraction": null
        },
        {
            "id": "100075097869099",
            "count": 0,
            "lastInteraction": null
        },
        {
            "id": "61559448846853",
            "count": 0,
            "lastInteraction": null
        },
        {
            "id": "61557354311491",
            "count": 0,
            "lastInteraction": null
        },
        {
            "id": "100092483015875",
            "count": 0,
            "lastInteraction": null
        },
        {
            "id": "61564732493923",
            "count": 0,
            "lastInteraction": null
        },
        {
            "id": "61552978667442",
            "count": 0,
            "lastInteraction": null
        },
        {
            "id": "61555061986581",
            "count": 0,
            "lastInteraction": null
        },
        {
            "id": "100092754843324",
            "count": 0,
            "lastInteraction": null
        },
        {
            "id": "100079141891596",
            "count": 0,
            "lastInteraction": null
        },
        {
            "id": "61552934750672",
            "count": 0,
            "lastInteraction": null
        },
        {
            "id": "100083109894741",
            "count": 0,
            "lastInteraction": null
        },
        {
            "id": "100089250615535",
            "count": 0,
            "lastInteraction": null
        },
        {
            "id": "100069155783461",
            "count": 0,
            "lastInteraction": null
        },
        {
            "id": "100089158691882",
            "count": 0,
            "lastInteraction": null
        },
        {
            "id": "100088565118713",
            "count": 0,
            "lastInteraction": null
        },
        {
            "id": "100093525222747",
            "count": 0,
            "lastInteraction": null
        },
        {
            "id": "61554330050466",
            "count": 0,
            "lastInteraction": null
        },
        {
            "id": "61555812697087",
            "count": 0,
            "lastInteraction": null
        },
        {
            "id": "100090922194924",
            "count": 0,
            "lastInteraction": null
        },
        {
            "id": "100080016300983",
            "count": 0,
            "lastInteraction": null
        },
        {
            "id": "100080070395330",
            "count": 12,
            "lastInteraction": 1724893215519
        },
        {
            "id": "100077018405888",
            "count": 0,
            "lastInteraction": null
        },
        {
            "id": "61558582769396",
            "count": 0,
            "lastInteraction": null
        },
        {
            "id": "100081075489746",
            "count": 0,
            "lastInteraction": null
        },
        {
            "id": "100085483154552",
            "count": 0,
            "lastInteraction": null
        },
        {
            "id": "61558117404405",
            "count": 0,
            "lastInteraction": null
        },
        {
            "id": "100089869724117",
            "count": 0,
            "lastInteraction": null
        },
        {
            "id": "61555651447733",
            "count": 0,
            "lastInteraction": null
        },
        {
            "id": "61555747070914",
            "count": 0,
            "lastInteraction": null
        },
        {
            "id": "100011900746982",
            "count": 0,
            "lastInteraction": null
        },
        {
            "id": "100024377168203",
            "count": 0,
            "lastInteraction": null
        },
        {
            "id": "100063724201851",
            "count": 0,
            "lastInteraction": null
        },
        {
            "id": "100084126160066",
            "count": 0,
            "lastInteraction": null
        },
        {
            "id": "100085427295484",
            "count": 0,
            "lastInteraction": null
        },
        {
            "id": "100090130913130",
            "count": 0,
            "lastInteraction": null
        },
        {
            "id": "100090914354791",
            "count": 0,
            "lastInteraction": null
        },
        {
            "id": "100080593192241",
            "count": 0,
            "lastInteraction": null
        },
        {
            "id": "100078282322018",
            "count": 0,
            "lastInteraction": null
        },
        {
            "id": "100090775635128",
            "count": 0,
            "lastInteraction": null
        },
        {
            "id": "100078716082042",
            "count": 2,
            "lastInteraction": 1724893163676
        },
        {
            "id": "100089532578856",
            "count": 0,
            "lastInteraction": null
        },
        {
            "id": "61558088330409",
            "count": 0,
            "lastInteraction": null
        },
        {
            "id": "100088731463879",
            "count": 0,
            "lastInteraction": null
        },
        {
            "id": "61550567794732",
            "count": 0,
            "lastInteraction": null
        },
        {
            "id": "100034283953359",
            "count": 0,
            "lastInteraction": null
        },
        {
            "id": "100091982267350",
            "count": 0,
            "lastInteraction": null
        },
        {
            "id": "100063968330356",
            "count": 0,
            "lastInteraction": null
        },
        {
            "id": "100074433707626",
            "count": 0,
            "lastInteraction": null
        },
        {
            "id": "61564884756626",
            "count": 0,
            "lastInteraction": null
        }
    ],
    "week": [
        {
            "id": "100087549180891",
            "count": 12,
            "lastInteraction": 1724893188566
        },
        {
            "id": "100089367985760",
            "count": 0,
            "lastInteraction": null
        },
        {
            "id": "100073994117670",
            "count": 0,
            "lastInteraction": null
        },
        {
            "id": "100091402140707",
            "count": 0,
            "lastInteraction": null
        },
        {
            "id": "100080692868598",
            "count": 0,
            "lastInteraction": null
        },
        {
            "id": "61560456158580",
            "count": 1,
            "lastInteraction": 1724893069925
        },
        {
            "id": "100087128565622",
            "count": 4,
            "lastInteraction": 1724893212410
        },
        {
            "id": "61555960108469",
            "count": 0,
            "lastInteraction": null
        },
        {
            "id": "100083700532237",
            "count": 0,
            "lastInteraction": null
        },
        {
            "id": "100092169182747",
            "count": 0,
            "lastInteraction": null
        },
        {
            "id": "100076671529372",
            "count": 0,
            "lastInteraction": null
        },
        {
            "id": "100075097869099",
            "count": 0,
            "lastInteraction": null
        },
        {
            "id": "61559448846853",
            "count": 0,
            "lastInteraction": null
        },
        {
            "id": "61557354311491",
            "count": 0,
            "lastInteraction": null
        },
        {
            "id": "100092483015875",
            "count": 0,
            "lastInteraction": null
        },
        {
            "id": "61564732493923",
            "count": 0,
            "lastInteraction": null
        },
        {
            "id": "61552978667442",
            "count": 0,
            "lastInteraction": null
        },
        {
            "id": "61555061986581",
            "count": 0,
            "lastInteraction": null
        },
        {
            "id": "100092754843324",
            "count": 0,
            "lastInteraction": null
        },
        {
            "id": "100079141891596",
            "count": 0,
            "lastInteraction": null
        },
        {
            "id": "61552934750672",
            "count": 0,
            "lastInteraction": null
        },
        {
            "id": "100083109894741",
            "count": 0,
            "lastInteraction": null
        },
        {
            "id": "100089250615535",
            "count": 0,
            "lastInteraction": null
        },
        {
            "id": "100069155783461",
            "count": 0,
            "lastInteraction": null
        },
        {
            "id": "100089158691882",
            "count": 0,
            "lastInteraction": null
        },
        {
            "id": "100088565118713",
            "count": 0,
            "lastInteraction": null
        },
        {
            "id": "100093525222747",
            "count": 0,
            "lastInteraction": null
        },
        {
            "id": "61554330050466",
            "count": 0,
            "lastInteraction": null
        },
        {
            "id": "61555812697087",
            "count": 0,
            "lastInteraction": null
        },
        {
            "id": "100090922194924",
            "count": 0,
            "lastInteraction": null
        },
        {
            "id": "100080016300983",
            "count": 0,
            "lastInteraction": null
        },
        {
            "id": "100080070395330",
            "count": 12,
            "lastInteraction": 1724893215519
        },
        {
            "id": "100077018405888",
            "count": 0,
            "lastInteraction": null
        },
        {
            "id": "61558582769396",
            "count": 0,
            "lastInteraction": null
        },
        {
            "id": "100081075489746",
            "count": 0,
            "lastInteraction": null
        },
        {
            "id": "100085483154552",
            "count": 0,
            "lastInteraction": null
        },
        {
            "id": "61558117404405",
            "count": 0,
            "lastInteraction": null
        },
        {
            "id": "100089869724117",
            "count": 0,
            "lastInteraction": null
        },
        {
            "id": "61555651447733",
            "count": 0,
            "lastInteraction": null
        },
        {
            "id": "61555747070914",
            "count": 0,
            "lastInteraction": null
        },
        {
            "id": "100011900746982",
            "count": 0,
            "lastInteraction": null
        },
        {
            "id": "100024377168203",
            "count": 0,
            "lastInteraction": null
        },
        {
            "id": "100063724201851",
            "count": 0,
            "lastInteraction": null
        },
        {
            "id": "100084126160066",
            "count": 0,
            "lastInteraction": null
        },
        {
            "id": "100085427295484",
            "count": 0,
            "lastInteraction": null
        },
        {
            "id": "100090130913130",
            "count": 0,
            "lastInteraction": null
        },
        {
            "id": "100090914354791",
            "count": 0,
            "lastInteraction": null
        },
        {
            "id": "100080593192241",
            "count": 0,
            "lastInteraction": null
        },
        {
            "id": "100078282322018",
            "count": 0,
            "lastInteraction": null
        },
        {
            "id": "100090775635128",
            "count": 0,
            "lastInteraction": null
        },
        {
            "id": "100078716082042",
            "count": 2,
            "lastInteraction": 1724893163676
        },
        {
            "id": "100089532578856",
            "count": 0,
            "lastInteraction": null
        },
        {
            "id": "61558088330409",
            "count": 0,
            "lastInteraction": null
        },
        {
            "id": "100088731463879",
            "count": 0,
            "lastInteraction": null
        },
        {
            "id": "61550567794732",
            "count": 0,
            "lastInteraction": null
        },
        {
            "id": "100034283953359",
            "count": 0,
            "lastInteraction": null
        },
        {
            "id": "100091982267350",
            "count": 0,
            "lastInteraction": null
        },
        {
            "id": "100063968330356",
            "count": 0,
            "lastInteraction": null
        },
        {
            "id": "100074433707626",
            "count": 0,
            "lastInteraction": null
        },
        {
            "id": "61564884756626",
            "count": 0,
            "lastInteraction": null
        }
    ],
    "day": [
        {
            "id": "100087549180891",
            "count": 12,
            "lastInteraction": 1724893188566
        },
        {
            "id": "100089367985760",
            "count": 0,
            "lastInteraction": null
        },
        {
            "id": "100073994117670",
            "count": 0,
            "lastInteraction": null
        },
        {
            "id": "100091402140707",
            "count": 0,
            "lastInteraction": null
        },
        {
            "id": "100080692868598",
            "count": 0,
            "lastInteraction": null
        },
        {
            "id": "61560456158580",
            "count": 1,
            "lastInteraction": 1724893069925
        },
        {
            "id": "100087128565622",
            "count": 4,
            "lastInteraction": 1724893212410
        },
        {
            "id": "61555960108469",
            "count": 0,
            "lastInteraction": null
        },
        {
            "id": "100083700532237",
            "count": 0,
            "lastInteraction": null
        },
        {
            "id": "100092169182747",
            "count": 0,
            "lastInteraction": null
        },
        {
            "id": "100076671529372",
            "count": 0,
            "lastInteraction": null
        },
        {
            "id": "100075097869099",
            "count": 0,
            "lastInteraction": null
        },
        {
            "id": "61559448846853",
            "count": 0,
            "lastInteraction": null
        },
        {
            "id": "61557354311491",
            "count": 0,
            "lastInteraction": null
        },
        {
            "id": "100092483015875",
            "count": 0,
            "lastInteraction": null
        },
        {
            "id": "61564732493923",
            "count": 0,
            "lastInteraction": null
        },
        {
            "id": "61552978667442",
            "count": 0,
            "lastInteraction": null
        },
        {
            "id": "61555061986581",
            "count": 0,
            "lastInteraction": null
        },
        {
            "id": "100092754843324",
            "count": 0,
            "lastInteraction": null
        },
        {
            "id": "100079141891596",
            "count": 0,
            "lastInteraction": null
        },
        {
            "id": "61552934750672",
            "count": 0,
            "lastInteraction": null
        },
        {
            "id": "100083109894741",
            "count": 0,
            "lastInteraction": null
        },
        {
            "id": "100089250615535",
            "count": 0,
            "lastInteraction": null
        },
        {
            "id": "100069155783461",
            "count": 0,
            "lastInteraction": null
        },
        {
            "id": "100089158691882",
            "count": 0,
            "lastInteraction": null
        },
        {
            "id": "100088565118713",
            "count": 0,
            "lastInteraction": null
        },
        {
            "id": "100093525222747",
            "count": 0,
            "lastInteraction": null
        },
        {
            "id": "61554330050466",
            "count": 0,
            "lastInteraction": null
        },
        {
            "id": "61555812697087",
            "count": 0,
            "lastInteraction": null
        },
        {
            "id": "100090922194924",
            "count": 0,
            "lastInteraction": null
        },
        {
            "id": "100080016300983",
            "count": 0,
            "lastInteraction": null
        },
        {
            "id": "100080070395330",
            "count": 12,
            "lastInteraction": 1724893215519
        },
        {
            "id": "100077018405888",
            "count": 0,
            "lastInteraction": null
        },
        {
            "id": "61558582769396",
            "count": 0,
            "lastInteraction": null
        },
        {
            "id": "100081075489746",
            "count": 0,
            "lastInteraction": null
        },
        {
            "id": "100085483154552",
            "count": 0,
            "lastInteraction": null
        },
        {
            "id": "61558117404405",
            "count": 0,
            "lastInteraction": null
        },
        {
            "id": "100089869724117",
            "count": 0,
            "lastInteraction": null
        },
        {
            "id": "61555651447733",
            "count": 0,
            "lastInteraction": null
        },
        {
            "id": "61555747070914",
            "count": 0,
            "lastInteraction": null
        },
        {
            "id": "100011900746982",
            "count": 0,
            "lastInteraction": null
        },
        {
            "id": "100024377168203",
            "count": 0,
            "lastInteraction": null
        },
        {
            "id": "100063724201851",
            "count": 0,
            "lastInteraction": null
        },
        {
            "id": "100084126160066",
            "count": 0,
            "lastInteraction": null
        },
        {
            "id": "100085427295484",
            "count": 0,
            "lastInteraction": null
        },
        {
            "id": "100090130913130",
            "count": 0,
            "lastInteraction": null
        },
        {
            "id": "100090914354791",
            "count": 0,
            "lastInteraction": null
        },
        {
            "id": "100080593192241",
            "count": 0,
            "lastInteraction": null
        },
        {
            "id": "100078282322018",
            "count": 0,
            "lastInteraction": null
        },
        {
            "id": "100090775635128",
            "count": 0,
            "lastInteraction": null
        },
        {
            "id": "100078716082042",
            "count": 2,
            "lastInteraction": 1724893163676
        },
        {
            "id": "100089532578856",
            "count": 0,
            "lastInteraction": null
        },
        {
            "id": "61558088330409",
            "count": 0,
            "lastInteraction": null
        },
        {
            "id": "100088731463879",
            "count": 0,
            "lastInteraction": null
        },
        {
            "id": "61550567794732",
            "count": 0,
            "lastInteraction": null
        },
        {
            "id": "100034283953359",
            "count": 0,
            "lastInteraction": null
        },
        {
            "id": "100091982267350",
            "count": 0,
            "lastInteraction": null
        },
        {
            "id": "100063968330356",
            "count": 0,
            "lastInteraction": null
        },
        {
            "id": "100074433707626",
            "count": 0,
            "lastInteraction": null
        },
        {
            "id": "61564884756626",
            "count": 0,
            "lastInteraction": null
        }
    ],
    "month": [
        {
            "id": "100087549180891",
            "count": 12,
            "lastInteraction": 1724893188566
        },
        {
            "id": "100089367985760",
            "count": 0,
            "lastInteraction": null
        },
        {
            "id": "100073994117670",
            "count": 0,
            "lastInteraction": null
        },
        {
            "id": "100091402140707",
            "count": 0,
            "lastInteraction": null
        },
        {
            "id": "100080692868598",
            "count": 0,
            "lastInteraction": null
        },
        {
            "id": "61560456158580",
            "count": 1,
            "lastInteraction": 1724893069925
        },
        {
            "id": "100087128565622",
            "count": 4,
            "lastInteraction": 1724893212410
        },
        {
            "id": "61555960108469",
            "count": 0,
            "lastInteraction": null
        },
        {
            "id": "100083700532237",
            "count": 0,
            "lastInteraction": null
        },
        {
            "id": "100092169182747",
            "count": 0,
            "lastInteraction": null
        },
        {
            "id": "100076671529372",
            "count": 0,
            "lastInteraction": null
        },
        {
            "id": "100075097869099",
            "count": 0,
            "lastInteraction": null
        },
        {
            "id": "61559448846853",
            "count": 0,
            "lastInteraction": null
        },
        {
            "id": "61557354311491",
            "count": 0,
            "lastInteraction": null
        },
        {
            "id": "100092483015875",
            "count": 0,
            "lastInteraction": null
        },
        {
            "id": "61564732493923",
            "count": 0,
            "lastInteraction": null
        },
        {
            "id": "61552978667442",
            "count": 0,
            "lastInteraction": null
        },
        {
            "id": "61555061986581",
            "count": 0,
            "lastInteraction": null
        },
        {
            "id": "100092754843324",
            "count": 0,
            "lastInteraction": null
        },
        {
            "id": "100079141891596",
            "count": 0,
            "lastInteraction": null
        },
        {
            "id": "61552934750672",
            "count": 0,
            "lastInteraction": null
        },
        {
            "id": "100083109894741",
            "count": 0,
            "lastInteraction": null
        },
        {
            "id": "100089250615535",
            "count": 0,
            "lastInteraction": null
        },
        {
            "id": "100069155783461",
            "count": 0,
            "lastInteraction": null
        },
        {
            "id": "100089158691882",
            "count": 0,
            "lastInteraction": null
        },
        {
            "id": "100088565118713",
            "count": 0,
            "lastInteraction": null
        },
        {
            "id": "100093525222747",
            "count": 0,
            "lastInteraction": null
        },
        {
            "id": "61554330050466",
            "count": 0,
            "lastInteraction": null
        },
        {
            "id": "61555812697087",
            "count": 0,
            "lastInteraction": null
        },
        {
            "id": "100090922194924",
            "count": 0,
            "lastInteraction": null
        },
        {
            "id": "100080016300983",
            "count": 0,
            "lastInteraction": null
        },
        {
            "id": "100080070395330",
            "count": 12,
            "lastInteraction": 1724893215519
        },
        {
            "id": "100077018405888",
            "count": 0,
            "lastInteraction": null
        },
        {
            "id": "61558582769396",
            "count": 0,
            "lastInteraction": null
        },
        {
            "id": "100081075489746",
            "count": 0,
            "lastInteraction": null
        },
        {
            "id": "100085483154552",
            "count": 0,
            "lastInteraction": null
        },
        {
            "id": "61558117404405",
            "count": 0,
            "lastInteraction": null
        },
        {
            "id": "100089869724117",
            "count": 0,
            "lastInteraction": null
        },
        {
            "id": "61555651447733",
            "count": 0,
            "lastInteraction": null
        },
        {
            "id": "61555747070914",
            "count": 0,
            "lastInteraction": null
        },
        {
            "id": "100011900746982",
            "count": 0,
            "lastInteraction": null
        },
        {
            "id": "100024377168203",
            "count": 0,
            "lastInteraction": null
        },
        {
            "id": "100063724201851",
            "count": 0,
            "lastInteraction": null
        },
        {
            "id": "100084126160066",
            "count": 0,
            "lastInteraction": null
        },
        {
            "id": "100085427295484",
            "count": 0,
            "lastInteraction": null
        },
        {
            "id": "100090130913130",
            "count": 0,
            "lastInteraction": null
        },
        {
            "id": "100090914354791",
            "count": 0,
            "lastInteraction": null
        },
        {
            "id": "100080593192241",
            "count": 0,
            "lastInteraction": null
        },
        {
            "id": "100078282322018",
            "count": 0,
            "lastInteraction": null
        },
        {
            "id": "100090775635128",
            "count": 0,
            "lastInteraction": null
        },
        {
            "id": "100078716082042",
            "count": 2,
            "lastInteraction": 1724893163676
        },
        {
            "id": "100089532578856",
            "count": 0,
            "lastInteraction": null
        },
        {
            "id": "61558088330409",
            "count": 0,
            "lastInteraction": null
        },
        {
            "id": "100088731463879",
            "count": 0,
            "lastInteraction": null
        },
        {
            "id": "61550567794732",
            "count": 0,
            "lastInteraction": null
        },
        {
            "id": "100034283953359",
            "count": 0,
            "lastInteraction": null
        },
        {
            "id": "100091982267350",
            "count": 0,
            "lastInteraction": null
        },
        {
            "id": "100063968330356",
            "count": 0,
            "lastInteraction": null
        },
        {
            "id": "100074433707626",
            "count": 0,
            "lastInteraction": null
        },
        {
            "id": "61564884756626",
            "count": 0,
            "lastInteraction": null
        }
    ],
    "time": 4
}