[
  {
    "groupId": "6328370547184627",
    "iconUnsend": "👍"
  },
  {
    "groupId": "5701529409971788",
    "iconUnsend": "😠"
  },
  {
    "groupId": "6804616456270022",
    "iconUnsend": "😠"
  },
  {
    "groupId": "25530232669924553",
    "iconUnsend": "😠"
  },
  {
    "groupId": "6318550908164044",
    "iconUnsend": "😠"
  },
  {
    "groupId": "6450671431679087",
    "iconUnsend": "😠"
  },
  {
    "groupId": "7210003889077910",
    "iconUnsend": "😠"
  },
  {
    "groupId": "8189245864438021",
    "iconUnsend": "😠"
  },
  {
    "groupId": "25913166924997476",
    "iconUnsend": "😠"
  },
  {
    "groupId": "7519651594723638",
    "iconUnsend": "😠"
  },
  {
    "groupId": "6882644418509037",
    "iconUnsend": "😠"
  },
  {
    "groupId": "8266684893358178",
    "iconUnsend": "😠"
  },
  {
    "groupId": "6049684405140013",
    "iconUnsend": "😠"
  },
  {
    "groupId": "4726928920750816",
    "iconUnsend": "😠"
  },
  {
    "groupId": "6319322831529144",
    "iconUnsend": "😠"
  },
  {
    "groupId": "7721053277920777",
    "iconUnsend": "😠"
  },
  {
    "groupId": "7654259681289332",
    "iconUnsend": "😠"
  },
  {
    "groupId": "7825875237461145",
    "iconUnsend": "😠"
  },
  {
    "groupId": "26151858904428700",
    "iconUnsend": "😠"
  },
  {
    "groupId": "26287704067544766",
    "iconUnsend": "😠"
  },
  {
    "groupId": "8237785789611366",
    "iconUnsend": "😠"
  },
  {
    "groupId": "7448154111929115",
    "iconUnsend": "😠"
  }
]