[
  {
    "t_id": "6804616456270022",
    "id": "1631016269",
    "time_start": "02/07/2024",
    "time_end": "1/10/2024"
  },
  {
    "t_id": "25913166924997476",
    "id": "1631016269",
    "time_start": "02/07/2024",
    "time_end": "2/9/2024"
  },
  {
    "t_id": "6882644418509037",
    "id": "100050371698827",
    "time_start": "11/07/2024",
    "time_end": "03/01/2025"
  },
  {
    "t_id": "6328370547184627",
    "id": "1270787329",
    "time_start": "14/07/2024",
    "time_end": "2/9/2024"
  },
  {
    "t_id": "6319322831529144",
    "id": "100079198551953",
    "time_start": "27/07/2024",
    "time_end": "27/7/2025"
  },
  {
    "t_id": "8189245864438021",
    "id": "61550962658401",
    "time_start": "06/08/2024",
    "time_end": "06/09/2024"
  },
  {
    "t_id": "7654259681289332",
    "id": "100092009466021",
    "time_start": "06/08/2024",
    "time_end": "3/9/2024"
  },
  {
    "t_id": "7825875237461145",
    "id": "100059166806617",
    "time_start": "07/08/2024",
    "time_end": "10/3/2025"
  },
  {
    "t_id": "26287704067544766",
    "id": "100075945013170",
    "time_start": "07/08/2024",
    "time_end": "4/1/2025"
  },
  {
    "t_id": "8237785789611366",
    "id": "100090256909830",
    "time_start": "07/08/2024",
    "time_end": "4/9/2024"
  },
  {
    "t_id": "7721053277920777",
    "id": "100060771549247",
    "time_start": "07/08/2024",
    "time_end": "23/3/2025"
  },
  {
    "t_id": "7448154111929115",
    "id": "100041297389489",
    "time_start": "07/08/2024",
    "time_end": "30/9/2024"
  },
  {
    "t_id": "7210003889077910",
    "id": "100068096370437",
    "time_start": "09/08/2024",
    "time_end": "09/09/2024"
  }
]