{
  "seiko_08050f": {
    "expiryDate": "02/08/2024",
    "used": true,
    "groupId": "6804616456270022"
  },
  "seiko_7da508": {
    "expiryDate": "02/08/2024",
    "used": true,
    "groupId": "25913166924997476"
  },
  "seiko_6528cc": {
    "expiryDate": "04/08/2024",
    "used": true,
    "groupId": "7519651594723638"
  },
  "seiko_ab52e4": {
    "expiryDate": "07/08/2024",
    "used": true,
    "groupId": "5701529409971788"
  },
  "seiko_821fff": {
    "expiryDate": "09/08/2024",
    "used": true,
    "groupId": "7210003889077910"
  },
  "seiko_8840a0": {
    "expiryDate": "03/01/2025",
    "used": true,
    "groupId": "6882644418509037"
  },
  "seiko_7f6368": {
    "expiryDate": "06/09/2024",
    "used": true,
    "groupId": "8189245864438021"
  },
  "seiko_58d261": {
    "expiryDate": "09/09/2024",
    "used": true,
    "groupId": "7210003889077910"
  }
}