{
  "user": [
    {
      "id": "61559125403375",
      "timestamp": 1720026002447
    },
    {
      "id": "1631016269",
      "timestamp": 1720026002447
    },
    {
      "id": "61557176277015",
      "timestamp": 1720026002447
    },
    {
      "id": "61558488083272",
      "timestamp": 1720026002447
    },
    {
      "id": "100082696159306",
      "timestamp": 1720026002447
    }
  ],
  "history": [
    {
      "action": "add",
      "id": "61559125403375",
      "timestamp": 1720026002447
    },
    {
      "action": "add",
      "id": "1631016269",
      "timestamp": 1720026002447
    },
    {
      "action": "add",
      "id": "100068096370437",
      "timestamp": 1720026002447
    },
    {
      "action": "add",
      "id": "61557176277015",
      "timestamp": 1720026002447
    },
    {
      "action": "add",
      "id": "61558488083272",
      "timestamp": 1720026002447
    },
    {
      "action": "add",
      "id": "100082696159306",
      "timestamp": 1720026002447
    }
  ]
}