{
  "user": [
    {
      "id": "100089833719568",
      "timestamp": 1722853566869
    },
    {
      "id": "100094688717713",
      "timestamp": 1722853566869
    },
    {
      "id": "1631016269",
      "timestamp": 1722853566869
    },
    {
      "id": "100068096370437",
      "timestamp": 1722866715877
    },
    {
      "id": "1270787329",
      "timestamp": 1723044692538
    }
  ],
  "history": [
    {
      "action": "add",
      "id": "100089833719568",
      "timestamp": 1722853566869
    },
    {
      "action": "add",
      "id": "100094688717713",
      "timestamp": 1722853566869
    },
    {
      "action": "add",
      "id": "1631016269",
      "timestamp": 1722853566869
    },
    {
      "action": "add",
      "id": "100068096370437",
      "timestamp": 1722866715877
    },
    {
      "action": "add",
      "id": "1270787329",
      "timestamp": 1723044692538
    }
  ]
}