{
  "user": [
    {
      "id": "100089833719568",
      "timestamp": 1721924036234
    },
    {
      "id": "100085350060869",
      "timestamp": 1721924036234
    },
    {
      "id": "100068096370437",
      "timestamp": 1721924036234
    },
    {
      "id": "1631016269",
      "timestamp": 1721924036234
    },
    {
      "id": "100070799970990",
      "timestamp": 1722226858872
    },
    {
      "id": "100094766425300",
      "timestamp": 1722226858872
    },
    {
      "id": "100047738113067",
      "timestamp": 1722226858872
    },
    {
      "id": "61550291043416",
      "timestamp": 1722226858872
    },
    {
      "id": "100086286984397",
      "timestamp": 1722226858872
    },
    {
      "id": "61560117882882",
      "timestamp": 1722226858872
    },
    {
      "id": "61563417956861",
      "timestamp": 1722226858872
    },
    {
      "id": "100048841153215",
      "timestamp": 1722226858872
    },
    {
      "id": "61555109330415",
      "timestamp": 1722226858872
    },
    {
      "id": "100080010559350",
      "timestamp": 1722226858872
    },
    {
      "id": "100066095049519",
      "timestamp": 1722226858872
    },
    {
      "id": "100094688717713",
      "timestamp": 1722226858872
    },
    {
      "id": "100087058098261",
      "timestamp": 1722226858872
    },
    {
      "id": "100083223281687",
      "timestamp": 1722226858872
    },
    {
      "id": "100076507714094",
      "timestamp": 1722226858872
    },
    {
      "id": "100067383165056",
      "timestamp": 1722226858872
    },
    {
      "id": "100020714465004",
      "timestamp": 1722226858872
    },
    {
      "id": "100049974588972",
      "timestamp": 1722226858872
    },
    {
      "id": "61555011849993",
      "timestamp": 1722226858872
    },
    {
      "id": "61550892279105",
      "timestamp": 1722226858872
    },
    {
      "id": "100091997002126",
      "timestamp": 1722996571055
    },
    {
      "id": "100085038325471",
      "timestamp": 1722996571055
    },
    {
      "id": "61561248227774",
      "timestamp": 1722996571055
    },
    {
      "id": "100028393665829",
      "timestamp": 1722996571055
    },
    {
      "id": "61555050140406",
      "timestamp": 1722996571055
    },
    {
      "id": "100077191092144",
      "timestamp": 1722996571055
    },
    {
      "id": "100081850725716",
      "timestamp": 1722996571055
    },
    {
      "id": "1270787329",
      "timestamp": 1723050089144
    },
    {
      "id": "100047516643839",
      "timestamp": 1723116446369
    },
    {
      "id": "100082556491169",
      "timestamp": 1723118877996
    },
    {
      "id": "100088567701612",
      "timestamp": 1723118877996
    },
    {
      "id": "100075052614844",
      "timestamp": 1723201495550
    },
    {
      "id": "61562087185453",
      "timestamp": 1723201613848
    },
    {
      "id": "61554415626728",
      "timestamp": 1723202004408
    },
    {
      "id": "100054917797748",
      "timestamp": 1723202310880
    },
    {
      "id": "61556644731103",
      "timestamp": 1723203271923
    },
    {
      "id": "100007966097679",
      "timestamp": 1723207843010
    }
  ],
  "history": [
    {
      "action": "add",
      "id": "100089833719568",
      "timestamp": 1721924036234
    },
    {
      "action": "add",
      "id": "61558165469825",
      "timestamp": 1721924036234
    },
    {
      "action": "add",
      "id": "61554299087967",
      "timestamp": 1721924036234
    },
    {
      "action": "add",
      "id": "100085350060869",
      "timestamp": 1721924036234
    },
    {
      "action": "add",
      "id": "100068096370437",
      "timestamp": 1721924036234
    },
    {
      "action": "add",
      "id": "1631016269",
      "timestamp": 1721924036234
    },
    {
      "action": "add",
      "id": "100070799970990",
      "timestamp": 1722226858872
    },
    {
      "action": "add",
      "id": "61554116901065",
      "timestamp": 1722226858872
    },
    {
      "action": "add",
      "id": "61556277654059",
      "timestamp": 1722226858872
    },
    {
      "action": "add",
      "id": "100039983387285",
      "timestamp": 1722226858872
    },
    {
      "action": "add",
      "id": "100087099859618",
      "timestamp": 1722226858872
    },
    {
      "action": "add",
      "id": "61554975996401",
      "timestamp": 1722226858872
    },
    {
      "action": "add",
      "id": "100094766425300",
      "timestamp": 1722226858872
    },
    {
      "action": "add",
      "id": "100047738113067",
      "timestamp": 1722226858872
    },
    {
      "action": "add",
      "id": "61550291043416",
      "timestamp": 1722226858872
    },
    {
      "action": "add",
      "id": "61560966145119",
      "timestamp": 1722226858872
    },
    {
      "action": "add",
      "id": "100086286984397",
      "timestamp": 1722226858872
    },
    {
      "action": "add",
      "id": "61560117882882",
      "timestamp": 1722226858872
    },
    {
      "action": "add",
      "id": "100064032544700",
      "timestamp": 1722226858872
    },
    {
      "action": "add",
      "id": "61563417956861",
      "timestamp": 1722226858872
    },
    {
      "action": "add",
      "id": "61554783447781",
      "timestamp": 1722226858872
    },
    {
      "action": "add",
      "id": "61561558645109",
      "timestamp": 1722226858872
    },
    {
      "action": "add",
      "id": "100072042895580",
      "timestamp": 1722226858872
    },
    {
      "action": "add",
      "id": "100048841153215",
      "timestamp": 1722226858872
    },
    {
      "action": "add",
      "id": "61556433041930",
      "timestamp": 1722226858872
    },
    {
      "action": "add",
      "id": "100074724171854",
      "timestamp": 1722226858872
    },
    {
      "action": "add",
      "id": "61562087185453",
      "timestamp": 1722226858872
    },
    {
      "action": "add",
      "id": "61555109330415",
      "timestamp": 1722226858872
    },
    {
      "action": "add",
      "id": "100080010559350",
      "timestamp": 1722226858872
    },
    {
      "action": "add",
      "id": "100092684304832",
      "timestamp": 1722226858872
    },
    {
      "action": "add",
      "id": "100066095049519",
      "timestamp": 1722226858872
    },
    {
      "action": "add",
      "id": "100036949475049",
      "timestamp": 1722226858872
    },
    {
      "action": "add",
      "id": "100033547250730",
      "timestamp": 1722226858872
    },
    {
      "action": "add",
      "id": "100094688717713",
      "timestamp": 1722226858872
    },
    {
      "action": "add",
      "id": "100087058098261",
      "timestamp": 1722226858872
    },
    {
      "action": "add",
      "id": "100085254930888",
      "timestamp": 1722226858872
    },
    {
      "action": "add",
      "id": "100083223281687",
      "timestamp": 1722226858872
    },
    {
      "action": "add",
      "id": "100040868071008",
      "timestamp": 1722226858872
    },
    {
      "action": "add",
      "id": "100076507714094",
      "timestamp": 1722226858872
    },
    {
      "action": "add",
      "id": "61562961063956",
      "timestamp": 1722226858872
    },
    {
      "action": "add",
      "id": "100067383165056",
      "timestamp": 1722226858872
    },
    {
      "action": "add",
      "id": "100020714465004",
      "timestamp": 1722226858872
    },
    {
      "action": "add",
      "id": "100075052614844",
      "timestamp": 1722226858872
    },
    {
      "action": "add",
      "id": "100057748982055",
      "timestamp": 1722226858872
    },
    {
      "action": "add",
      "id": "100049974588972",
      "timestamp": 1722226858872
    },
    {
      "action": "add",
      "id": "61555011849993",
      "timestamp": 1722226858872
    },
    {
      "action": "add",
      "id": "61550892279105",
      "timestamp": 1722226858872
    },
    {
      "action": "add",
      "id": "100041717113070",
      "timestamp": 1722226858872
    },
    {
      "action": "add",
      "id": "61559405488817",
      "timestamp": 1722226858872
    },
    {
      "action": "add",
      "id": "61552737265241",
      "timestamp": 1722226858872
    },
    {
      "action": "add",
      "id": "61562725000233",
      "timestamp": 1722226858872
    },
    {
      "action": "add",
      "id": "100072253398423",
      "timestamp": 1722226858872
    },
    {
      "action": "add",
      "id": "100090186183677",
      "timestamp": 1722226858872
    },
    {
      "action": "add",
      "id": "100091997002126",
      "timestamp": 1722996571055
    },
    {
      "action": "add",
      "id": "100085038325471",
      "timestamp": 1722996571055
    },
    {
      "action": "add",
      "id": "61561248227774",
      "timestamp": 1722996571055
    },
    {
      "action": "add",
      "id": "100028393665829",
      "timestamp": 1722996571055
    },
    {
      "action": "add",
      "id": "61555050140406",
      "timestamp": 1722996571055
    },
    {
      "action": "add",
      "id": "100077191092144",
      "timestamp": 1722996571055
    },
    {
      "action": "add",
      "id": "100081850725716",
      "timestamp": 1722996571055
    },
    {
      "action": "add",
      "id": "61557916986395",
      "timestamp": 1722996571055
    },
    {
      "action": "add",
      "id": "1270787329",
      "timestamp": 1723050089144
    },
    {
      "action": "add",
      "id": "100047516643839",
      "timestamp": 1723116446369
    },
    {
      "action": "add",
      "id": "100082556491169",
      "timestamp": 1723118877996
    },
    {
      "action": "add",
      "id": "100088567701612",
      "timestamp": 1723118877996
    },
    {
      "action": "add",
      "id": "100075052614844",
      "timestamp": 1723201495550
    },
    {
      "action": "add",
      "id": "61562087185453",
      "timestamp": 1723201613848
    },
    {
      "action": "add",
      "id": "61554415626728",
      "timestamp": 1723202004408
    },
    {
      "action": "add",
      "id": "100054917797748",
      "timestamp": 1723202310880
    },
    {
      "action": "add",
      "id": "61556644731103",
      "timestamp": 1723203271923
    },
    {
      "action": "add",
      "id": "100007966097679",
      "timestamp": 1723207843010
    }
  ]
}