{
  "user": [
    {
      "id": "100082370822246",
      "timestamp": 1722853567153
    },
    {
      "id": "61552841037187",
      "timestamp": 1722853567153
    },
    {
      "id": "100079339675014",
      "timestamp": 1722853567153
    },
    {
      "id": "1631016269",
      "timestamp": 1722853567153
    },
    {
      "id": "61560273232165",
      "timestamp": 1722853567153
    }
  ],
  "history": [
    {
      "action": "add",
      "id": "100082370822246",
      "timestamp": 1722853567153
    },
    {
      "action": "add",
      "id": "61552841037187",
      "timestamp": 1722853567153
    },
    {
      "action": "add",
      "id": "100079339675014",
      "timestamp": 1722853567153
    },
    {
      "action": "add",
      "id": "1631016269",
      "timestamp": 1722853567153
    },
    {
      "action": "add",
      "id": "61560273232165",
      "timestamp": 1722853567153
    }
  ]
}