{
  "user": [
    {
      "id": "100068096370437",
      "timestamp": 1719809784273
    },
    {
      "id": "1270787329",
      "timestamp": 1719809784273
    },
    {
      "id": "1631016269",
      "timestamp": 1719809784273
    },
    {
      "id": "61552548836547",
      "timestamp": 1721641812192
    },
    {
      "id": "100094629826721",
      "timestamp": 1721976226216
    },
    {
      "id": "61560186862354",
      "timestamp": 1723027311139
    },
    {
      "id": "502275138",
      "timestamp": 1723094325513
    }
  ],
  "history": [
    {
      "action": "add",
      "id": "100068096370437",
      "timestamp": 1719809784273
    },
    {
      "action": "add",
      "id": "1270787329",
      "timestamp": 1719809784273
    },
    {
      "action": "add",
      "id": "1631016269",
      "timestamp": 1719809784273
    },
    {
      "action": "add",
      "id": "100067625346315",
      "timestamp": 1719809784273
    },
    {
      "action": "add",
      "id": "61552548836547",
      "timestamp": 1719809784274
    },
    {
      "action": "add",
      "id": "61561209787921",
      "timestamp": 1719809784274
    },
    {
      "action": "add",
      "id": "100000091371004",
      "timestamp": 1719809784274
    },
    {
      "action": "add",
      "id": "100000091371004",
      "timestamp": 1721622029827
    },
    {
      "action": "add",
      "id": "100000091371004",
      "timestamp": 1721622840925
    },
    {
      "action": "add",
      "id": "100094629826721",
      "timestamp": 1721623475320
    },
    {
      "action": "add",
      "id": "100000091371004",
      "timestamp": 1721623669747
    },
    {
      "action": "add",
      "id": "100000091371004",
      "timestamp": 1721624781048
    },
    {
      "action": "add",
      "id": "100094629826721",
      "timestamp": 1721625658026
    },
    {
      "action": "add",
      "id": "100094629826721",
      "timestamp": 1721641812192
    },
    {
      "action": "add",
      "id": "61552548836547",
      "timestamp": 1721641812192
    },
    {
      "action": "add",
      "id": "100094629826721",
      "timestamp": 1721976226216
    },
    {
      "action": "add",
      "id": "61560186862354",
      "timestamp": 1723027311139
    },
    {
      "action": "add",
      "id": "502275138",
      "timestamp": 1723094325513
    }
  ]
}