{
  "user": [
    {
      "id": "100011325662966",
      "timestamp": 1719979928419
    },
    {
      "id": "100012174225787",
      "timestamp": 1719979928419
    },
    {
      "id": "100035351100402",
      "timestamp": 1719979928419
    },
    {
      "id": "100037356483809",
      "timestamp": 1719979928419
    },
    {
      "id": "100046430226547",
      "timestamp": 1719979928419
    },
    {
      "id": "100073689097572",
      "timestamp": 1719979928419
    },
    {
      "id": "100076016933273",
      "timestamp": 1719979928419
    },
    {
      "id": "100073664412974",
      "timestamp": 1719979928419
    },
    {
      "id": "100084010710581",
      "timestamp": 1719979928419
    },
    {
      "id": "1631016269",
      "timestamp": 1719979928419
    },
    {
      "id": "100068096370437",
      "timestamp": 1719979928419
    }
  ],
  "history": [
    {
      "action": "add",
      "id": "100011325662966",
      "timestamp": 1719979928419
    },
    {
      "action": "add",
      "id": "100012174225787",
      "timestamp": 1719979928419
    },
    {
      "action": "add",
      "id": "100035351100402",
      "timestamp": 1719979928419
    },
    {
      "action": "add",
      "id": "100037356483809",
      "timestamp": 1719979928419
    },
    {
      "action": "add",
      "id": "100046430226547",
      "timestamp": 1719979928419
    },
    {
      "action": "add",
      "id": "100073689097572",
      "timestamp": 1719979928419
    },
    {
      "action": "add",
      "id": "100076016933273",
      "timestamp": 1719979928419
    },
    {
      "action": "add",
      "id": "100073664412974",
      "timestamp": 1719979928419
    },
    {
      "action": "add",
      "id": "100084010710581",
      "timestamp": 1719979928419
    },
    {
      "action": "add",
      "id": "1631016269",
      "timestamp": 1719979928419
    },
    {
      "action": "add",
      "id": "100068096370437",
      "timestamp": 1719979928419
    },
    {
      "action": "add",
      "id": "100092009466021",
      "timestamp": 1720362592193
    }
  ]
}