{
  "user": [
    {
      "id": "100035351100402",
      "timestamp": 1719979814422
    },
    {
      "id": "100073689097572",
      "timestamp": 1719979814422
    },
    {
      "id": "100037356483809",
      "timestamp": 1719979814422
    },
    {
      "id": "100073664412974",
      "timestamp": 1719979814422
    },
    {
      "id": "100046430226547",
      "timestamp": 1719979814422
    },
    {
      "id": "100050630016502",
      "timestamp": 1719979814422
    },
    {
      "id": "100011325662966",
      "timestamp": 1719979814422
    },
    {
      "id": "100086694916252",
      "timestamp": 1719979814422
    },
    {
      "id": "100068096370437",
      "timestamp": 1719979814422
    },
    {
      "id": "100078650897215",
      "timestamp": 1719979814422
    },
    {
      "id": "100012174225787",
      "timestamp": 1719979814422
    },
    {
      "id": "100084010710581",
      "timestamp": 1719979814422
    },
    {
      "id": "100074453716929",
      "timestamp": 1719979814422
    },
    {
      "id": "61551838571178",
      "timestamp": 1719979814422
    },
    {
      "id": "100072460203662",
      "timestamp": 1719979814422
    },
    {
      "id": "100013471022352",
      "timestamp": 1719979814422
    },
    {
      "id": "100090733602148",
      "timestamp": 1719979814422
    },
    {
      "id": "61553592436117",
      "timestamp": 1719979814422
    },
    {
      "id": "100060380836907",
      "timestamp": 1719979814422
    },
    {
      "id": "100086499801376",
      "timestamp": 1719979814422
    },
    {
      "id": "100084005228000",
      "timestamp": 1719979814422
    },
    {
      "id": "1631016269",
      "timestamp": 1719979814422
    },
    {
      "id": "61552842927264",
      "timestamp": 1719979814422
    },
    {
      "id": "61555583303484",
      "timestamp": 1719979814422
    },
    {
      "id": "100084383119067",
      "timestamp": 1719979814422
    },
    {
      "id": "100090763807040",
      "timestamp": 1719979814422
    },
    {
      "id": "61551989275973",
      "timestamp": 1720017732677
    },
    {
      "id": "100081313372490",
      "timestamp": 1720108957258
    },
    {
      "id": "100062939115703",
      "timestamp": 1720448428794
    },
    {
      "id": "100085037185701",
      "timestamp": 1720544068161
    },
    {
      "id": "100076016933273",
      "timestamp": 1720544309129
    },
    {
      "id": "100067676337050",
      "timestamp": 1720662983733
    },
    {
      "id": "100087149230016",
      "timestamp": 1720707899744
    },
    {
      "id": "100063974755212",
      "timestamp": 1720707899744
    },
    {
      "id": "100080505423924",
      "timestamp": 1720873872433
    },
    {
      "id": "100067651554061",
      "timestamp": 1722832650003
    },
    {
      "id": "61561187009395",
      "timestamp": 1722832650003
    },
    {
      "id": "100040434107807",
      "timestamp": 1722832650003
    },
    {
      "id": "100077640902846",
      "timestamp": 1722832650003
    },
    {
      "id": "61550812911191",
      "timestamp": 1722832650003
    }
  ],
  "history": [
    {
      "action": "add",
      "id": "100035351100402",
      "timestamp": 1719979814422
    },
    {
      "action": "add",
      "id": "100073689097572",
      "timestamp": 1719979814422
    },
    {
      "action": "add",
      "id": "100037356483809",
      "timestamp": 1719979814422
    },
    {
      "action": "add",
      "id": "100073664412974",
      "timestamp": 1719979814422
    },
    {
      "action": "add",
      "id": "100046430226547",
      "timestamp": 1719979814422
    },
    {
      "action": "add",
      "id": "100050630016502",
      "timestamp": 1719979814422
    },
    {
      "action": "add",
      "id": "100011325662966",
      "timestamp": 1719979814422
    },
    {
      "action": "add",
      "id": "100076016933273",
      "timestamp": 1719979814422
    },
    {
      "action": "add",
      "id": "100086694916252",
      "timestamp": 1719979814422
    },
    {
      "action": "add",
      "id": "100081313372490",
      "timestamp": 1719979814422
    },
    {
      "action": "add",
      "id": "100068096370437",
      "timestamp": 1719979814422
    },
    {
      "action": "add",
      "id": "100078650897215",
      "timestamp": 1719979814422
    },
    {
      "action": "add",
      "id": "100012174225787",
      "timestamp": 1719979814422
    },
    {
      "action": "add",
      "id": "100084010710581",
      "timestamp": 1719979814422
    },
    {
      "action": "add",
      "id": "100074453716929",
      "timestamp": 1719979814422
    },
    {
      "action": "add",
      "id": "61551838571178",
      "timestamp": 1719979814422
    },
    {
      "action": "add",
      "id": "100078878287837",
      "timestamp": 1719979814422
    },
    {
      "action": "add",
      "id": "100072460203662",
      "timestamp": 1719979814422
    },
    {
      "action": "add",
      "id": "100013471022352",
      "timestamp": 1719979814422
    },
    {
      "action": "add",
      "id": "100094298895886",
      "timestamp": 1719979814422
    },
    {
      "action": "add",
      "id": "100090733602148",
      "timestamp": 1719979814422
    },
    {
      "action": "add",
      "id": "61553592436117",
      "timestamp": 1719979814422
    },
    {
      "action": "add",
      "id": "100060380836907",
      "timestamp": 1719979814422
    },
    {
      "action": "add",
      "id": "100052870143433",
      "timestamp": 1719979814422
    },
    {
      "action": "add",
      "id": "100086499801376",
      "timestamp": 1719979814422
    },
    {
      "action": "add",
      "id": "100084005228000",
      "timestamp": 1719979814422
    },
    {
      "action": "add",
      "id": "1270787329",
      "timestamp": 1719979814422
    },
    {
      "action": "add",
      "id": "1631016269",
      "timestamp": 1719979814422
    },
    {
      "action": "add",
      "id": "100090997063080",
      "timestamp": 1719979814422
    },
    {
      "action": "add",
      "id": "61552842927264",
      "timestamp": 1719979814422
    },
    {
      "action": "add",
      "id": "100009211478788",
      "timestamp": 1719979814422
    },
    {
      "action": "add",
      "id": "61555583303484",
      "timestamp": 1719979814422
    },
    {
      "action": "add",
      "id": "100084383119067",
      "timestamp": 1719979814422
    },
    {
      "action": "add",
      "id": "100062939115703",
      "timestamp": 1719979814422
    },
    {
      "action": "add",
      "id": "100090763807040",
      "timestamp": 1719979814422
    },
    {
      "action": "add",
      "id": "61551989275973",
      "timestamp": 1720017732677
    },
    {
      "action": "add",
      "id": "100081313372490",
      "timestamp": 1720108957258
    },
    {
      "action": "add",
      "id": "100062939115703",
      "timestamp": 1720448428794
    },
    {
      "action": "add",
      "id": "100092009466021",
      "timestamp": 1720501705758
    },
    {
      "action": "add",
      "id": "61560393159961",
      "timestamp": 1720540929213
    },
    {
      "action": "add",
      "id": "61554245705673",
      "timestamp": 1720541170835
    },
    {
      "action": "add",
      "id": "100085037185701",
      "timestamp": 1720544068161
    },
    {
      "action": "add",
      "id": "100076016933273",
      "timestamp": 1720544309129
    },
    {
      "action": "add",
      "id": "100085887108367",
      "timestamp": 1720580260206
    },
    {
      "action": "add",
      "id": "61554015387503",
      "timestamp": 1720662983733
    },
    {
      "action": "add",
      "id": "100040756432295",
      "timestamp": 1720662983733
    },
    {
      "action": "add",
      "id": "100067676337050",
      "timestamp": 1720662983733
    },
    {
      "action": "add",
      "id": "100087740569554",
      "timestamp": 1720662983733
    },
    {
      "action": "add",
      "id": "100087149230016",
      "timestamp": 1720707899744
    },
    {
      "action": "add",
      "id": "100063974755212",
      "timestamp": 1720707899744
    },
    {
      "action": "add",
      "id": "61554782606553",
      "timestamp": 1720707937116
    },
    {
      "action": "add",
      "id": "100066097610312",
      "timestamp": 1720761679318
    },
    {
      "action": "add",
      "id": "100080505423924",
      "timestamp": 1720873872433
    },
    {
      "action": "add",
      "id": "61550660355754",
      "timestamp": 1721223435179
    },
    {
      "action": "add",
      "id": "100067651554061",
      "timestamp": 1722832650003
    },
    {
      "action": "add",
      "id": "61561187009395",
      "timestamp": 1722832650003
    },
    {
      "action": "add",
      "id": "100040434107807",
      "timestamp": 1722832650003
    },
    {
      "action": "add",
      "id": "100077640902846",
      "timestamp": 1722832650003
    },
    {
      "action": "add",
      "id": "61550812911191",
      "timestamp": 1722832650003
    }
  ]
}