{
  "user": [
    {
      "id": "100009193419033",
      "timestamp": 1720026002441
    },
    {
      "id": "100092744481406",
      "timestamp": 1720026002441
    },
    {
      "id": "100093144742190",
      "timestamp": 1720026002441
    },
    {
      "id": "100001837873386",
      "timestamp": 1720026002441
    },
    {
      "id": "61556258041932",
      "timestamp": 1720026002441
    },
    {
      "id": "61555895836903",
      "timestamp": 1720026002441
    },
    {
      "id": "61553672780668",
      "timestamp": 1720026002441
    },
    {
      "id": "1631016269",
      "timestamp": 1720026002441
    }
  ],
  "history": [
    {
      "action": "add",
      "id": "100009193419033",
      "timestamp": 1720026002441
    },
    {
      "action": "add",
      "id": "100092744481406",
      "timestamp": 1720026002441
    },
    {
      "action": "add",
      "id": "100093144742190",
      "timestamp": 1720026002441
    },
    {
      "action": "add",
      "id": "100001837873386",
      "timestamp": 1720026002441
    },
    {
      "action": "add",
      "id": "61556258041932",
      "timestamp": 1720026002441
    },
    {
      "action": "add",
      "id": "61555895836903",
      "timestamp": 1720026002441
    },
    {
      "action": "add",
      "id": "61553672780668",
      "timestamp": 1720026002441
    },
    {
      "action": "add",
      "id": "1631016269",
      "timestamp": 1720026002441
    },
    {
      "action": "add",
      "id": "100068096370437",
      "timestamp": 1720026002441
    }
  ]
}