{
  "user": [
    {
      "id": "100059083353111",
      "timestamp": 1722853566742
    },
    {
      "id": "100072676298067",
      "timestamp": 1722853566742
    },
    {
      "id": "61556451185146",
      "timestamp": 1722853566742
    },
    {
      "id": "1631016269",
      "timestamp": 1722853566742
    }
  ],
  "history": [
    {
      "action": "add",
      "id": "100059083353111",
      "timestamp": 1722853566742
    },
    {
      "action": "add",
      "id": "100072676298067",
      "timestamp": 1722853566742
    },
    {
      "action": "add",
      "id": "61556451185146",
      "timestamp": 1722853566742
    },
    {
      "action": "add",
      "id": "1631016269",
      "timestamp": 1722853566742
    }
  ]
}