{
  "user": [
    {
      "id": "100058513427151",
      "timestamp": 1719980900689
    },
    {
      "id": "100001837873386",
      "timestamp": 1719980900689
    },
    {
      "id": "100069540734122",
      "timestamp": 1719980900689
    },
    {
      "id": "61553090069558",
      "timestamp": 1719980900689
    },
    {
      "id": "61553128735250",
      "timestamp": 1719980900689
    },
    {
      "id": "100008348713732",
      "timestamp": 1719980900689
    },
    {
      "id": "1631016269",
      "timestamp": 1719980900689
    },
    {
      "id": "100092495573160",
      "timestamp": 1719980900689
    },
    {
      "id": "61555148769484",
      "timestamp": 1719980900689
    },
    {
      "id": "1270787329",
      "timestamp": 1719980900689
    },
    {
      "id": "100017665592879",
      "timestamp": 1719980900689
    },
    {
      "id": "61554215616831",
      "timestamp": 1719980900689
    },
    {
      "id": "100069778131078",
      "timestamp": 1719980900689
    },
    {
      "id": "61557909329605",
      "timestamp": 1719980900689
    },
    {
      "id": "100054874126230",
      "timestamp": 1719980900689
    },
    {
      "id": "61558794301486",
      "timestamp": 1719980900689
    },
    {
      "id": "100086800428787",
      "timestamp": 1719980900689
    },
    {
      "id": "61561491055780",
      "timestamp": 1719980900689
    },
    {
      "id": "61550002421442",
      "timestamp": 1720071074136
    },
    {
      "id": "100082916444498",
      "timestamp": 1721228622077
    },
    {
      "id": "100076312010538",
      "timestamp": 1721830334223
    },
    {
      "id": "100022827503029",
      "timestamp": 1721830358003
    },
    {
      "id": "100088490334062",
      "timestamp": 1722008714820
    },
    {
      "id": "100051477871720",
      "timestamp": 1722314502281
    },
    {
      "id": "100065527359241",
      "timestamp": 1722317316375
    },
    {
      "id": "100058202447727",
      "timestamp": 1722318726613
    },
    {
      "id": "61553253655583",
      "timestamp": 1722318726613
    },
    {
      "id": "100076405045160",
      "timestamp": 1722325126844
    },
    {
      "id": "100069989343484",
      "timestamp": 1722336384219
    },
    {
      "id": "100043079565743",
      "timestamp": 1722338612904
    },
    {
      "id": "100079760287255",
      "timestamp": 1722348701364
    },
    {
      "id": "100080634074682",
      "timestamp": 1722348701364
    },
    {
      "id": "100049339062567",
      "timestamp": 1722360721633
    },
    {
      "id": "100087631654317",
      "timestamp": 1722822256668
    },
    {
      "id": "100075536435572",
      "timestamp": 1722822256668
    },
    {
      "id": "100055188077294",
      "timestamp": 1722822256668
    },
    {
      "id": "100072791911217",
      "timestamp": 1722905373368
    }
  ],
  "history": [
    {
      "action": "add",
      "id": "100075945013170",
      "timestamp": 1719980900689
    },
    {
      "action": "add",
      "id": "100027499070235",
      "timestamp": 1719980900689
    },
    {
      "action": "add",
      "id": "100058513427151",
      "timestamp": 1719980900689
    },
    {
      "action": "add",
      "id": "100068096370437",
      "timestamp": 1719980900689
    },
    {
      "action": "add",
      "id": "100001837873386",
      "timestamp": 1719980900689
    },
    {
      "action": "add",
      "id": "100069540734122",
      "timestamp": 1719980900689
    },
    {
      "action": "add",
      "id": "100074822242880",
      "timestamp": 1719980900689
    },
    {
      "action": "add",
      "id": "61553090069558",
      "timestamp": 1719980900689
    },
    {
      "action": "add",
      "id": "100068093766932",
      "timestamp": 1719980900689
    },
    {
      "action": "add",
      "id": "100078122395598",
      "timestamp": 1719980900689
    },
    {
      "action": "add",
      "id": "61553128735250",
      "timestamp": 1719980900689
    },
    {
      "action": "add",
      "id": "100008348713732",
      "timestamp": 1719980900689
    },
    {
      "action": "add",
      "id": "1631016269",
      "timestamp": 1719980900689
    },
    {
      "action": "add",
      "id": "100092495573160",
      "timestamp": 1719980900689
    },
    {
      "action": "add",
      "id": "100091079770511",
      "timestamp": 1719980900689
    },
    {
      "action": "add",
      "id": "61555148769484",
      "timestamp": 1719980900689
    },
    {
      "action": "add",
      "id": "100074962737115",
      "timestamp": 1719980900689
    },
    {
      "action": "add",
      "id": "1270787329",
      "timestamp": 1719980900689
    },
    {
      "action": "add",
      "id": "100091968682881",
      "timestamp": 1719980900689
    },
    {
      "action": "add",
      "id": "100018442419412",
      "timestamp": 1719980900689
    },
    {
      "action": "add",
      "id": "100017665592879",
      "timestamp": 1719980900689
    },
    {
      "action": "add",
      "id": "100083355315987",
      "timestamp": 1719980900689
    },
    {
      "action": "add",
      "id": "61554215616831",
      "timestamp": 1719980900689
    },
    {
      "action": "add",
      "id": "100093193801767",
      "timestamp": 1719980900689
    },
    {
      "action": "add",
      "id": "100069778131078",
      "timestamp": 1719980900689
    },
    {
      "action": "add",
      "id": "61557909329605",
      "timestamp": 1719980900689
    },
    {
      "action": "add",
      "id": "100080781344955",
      "timestamp": 1719980900689
    },
    {
      "action": "add",
      "id": "100054874126230",
      "timestamp": 1719980900689
    },
    {
      "action": "add",
      "id": "61558794301486",
      "timestamp": 1719980900689
    },
    {
      "action": "add",
      "id": "100086800428787",
      "timestamp": 1719980900689
    },
    {
      "action": "add",
      "id": "61561491055780",
      "timestamp": 1719980900689
    },
    {
      "action": "add",
      "id": "61550002421442",
      "timestamp": 1720071074136
    },
    {
      "action": "add",
      "id": "100080781344955",
      "timestamp": 1721116412315
    },
    {
      "action": "add",
      "id": "100042500658213",
      "timestamp": 1721142146780
    },
    {
      "action": "add",
      "id": "100090578453344",
      "timestamp": 1721148367700
    },
    {
      "action": "add",
      "id": "100082916444498",
      "timestamp": 1721228622077
    },
    {
      "action": "add",
      "id": "100087571454862",
      "timestamp": 1721229014594
    },
    {
      "action": "add",
      "id": "100028113047527",
      "timestamp": 1721830138654
    },
    {
      "action": "add",
      "id": "100076312010538",
      "timestamp": 1721830334223
    },
    {
      "action": "add",
      "id": "100022827503029",
      "timestamp": 1721830358003
    },
    {
      "action": "add",
      "id": "100036146688246",
      "timestamp": 1721830541600
    },
    {
      "action": "add",
      "id": "100088490334062",
      "timestamp": 1722008714820
    },
    {
      "action": "add",
      "id": "100051477871720",
      "timestamp": 1722314502281
    },
    {
      "action": "add",
      "id": "100065527359241",
      "timestamp": 1722317316375
    },
    {
      "action": "add",
      "id": "100058202447727",
      "timestamp": 1722318726613
    },
    {
      "action": "add",
      "id": "61553253655583",
      "timestamp": 1722318726613
    },
    {
      "action": "add",
      "id": "100040016461357",
      "timestamp": 1722319518689
    },
    {
      "action": "add",
      "id": "100053379401847",
      "timestamp": 1722321863213
    },
    {
      "action": "add",
      "id": "100076405045160",
      "timestamp": 1722325126844
    },
    {
      "action": "add",
      "id": "61559799818039",
      "timestamp": 1722328824842
    },
    {
      "action": "add",
      "id": "100069989343484",
      "timestamp": 1722336384219
    },
    {
      "action": "add",
      "id": "100043079565743",
      "timestamp": 1722338612904
    },
    {
      "action": "add",
      "id": "100079760287255",
      "timestamp": 1722348701364
    },
    {
      "action": "add",
      "id": "100080634074682",
      "timestamp": 1722348701364
    },
    {
      "action": "add",
      "id": "100038705388734",
      "timestamp": 1722348726501
    },
    {
      "action": "add",
      "id": "61556678834745",
      "timestamp": 1722349533983
    },
    {
      "action": "add",
      "id": "100042832923632",
      "timestamp": 1722352041097
    },
    {
      "action": "add",
      "id": "100049339062567",
      "timestamp": 1722360721633
    },
    {
      "action": "add",
      "id": "100087631654317",
      "timestamp": 1722822256668
    },
    {
      "action": "add",
      "id": "100075536435572",
      "timestamp": 1722822256668
    },
    {
      "action": "add",
      "id": "100055188077294",
      "timestamp": 1722822256668
    },
    {
      "action": "add",
      "id": "100034870895353",
      "timestamp": 1722822256668
    },
    {
      "action": "add",
      "id": "100072791911217",
      "timestamp": 1722905373368
    }
  ]
}