{
  "user": [
    {
      "id": "100090298190585",
      "timestamp": 1722853567226
    },
    {
      "id": "100085073370678",
      "timestamp": 1722853567226
    },
    {
      "id": "61556779471349",
      "timestamp": 1722853567226
    },
    {
      "id": "1631016269",
      "timestamp": 1722853567226
    },
    {
      "id": "61551948727153",
      "timestamp": 1722853567226
    },
    {
      "id": "61550615951883",
      "timestamp": 1722853567226
    },
    {
      "id": "100052857771607",
      "timestamp": 1722853567226
    },
    {
      "id": "61551830228726",
      "timestamp": 1722853567226
    },
    {
      "id": "61555309512351",
      "timestamp": 1722853567226
    },
    {
      "id": "100073588795858",
      "timestamp": 1722853567226
    }
  ],
  "history": [
    {
      "action": "add",
      "id": "100090298190585",
      "timestamp": 1722853567226
    },
    {
      "action": "add",
      "id": "100085073370678",
      "timestamp": 1722853567226
    },
    {
      "action": "add",
      "id": "61556779471349",
      "timestamp": 1722853567226
    },
    {
      "action": "add",
      "id": "1631016269",
      "timestamp": 1722853567226
    },
    {
      "action": "add",
      "id": "61551948727153",
      "timestamp": 1722853567226
    },
    {
      "action": "add",
      "id": "61550615951883",
      "timestamp": 1722853567226
    },
    {
      "action": "add",
      "id": "100052857771607",
      "timestamp": 1722853567226
    },
    {
      "action": "add",
      "id": "61551830228726",
      "timestamp": 1722853567226
    },
    {
      "action": "add",
      "id": "61555309512351",
      "timestamp": 1722853567226
    },
    {
      "action": "add",
      "id": "100073588795858",
      "timestamp": 1722853567226
    }
  ]
}