{
  "user": [
    {
      "id": "61559893056391",
      "timestamp": 1722853566822
    },
    {
      "id": "61557176277015",
      "timestamp": 1722853566822
    },
    {
      "id": "1631016269",
      "timestamp": 1722853566822
    }
  ],
  "history": [
    {
      "action": "add",
      "id": "61559893056391",
      "timestamp": 1722853566822
    },
    {
      "action": "add",
      "id": "61557176277015",
      "timestamp": 1722853566822
    },
    {
      "action": "add",
      "id": "1631016269",
      "timestamp": 1722853566822
    }
  ]
}