{
  "user": [
    {
      "id": "61557647033156",
      "timestamp": 1720026001328
    },
    {
      "id": "1631016269",
      "timestamp": 1720026001328
    },
    {
      "id": "1270787329",
      "timestamp": 1720026001328
    },
    {
      "id": "61560237713080",
      "timestamp": 1720026001328
    },
    {
      "id": "61556713841576",
      "timestamp": 1720026001328
    }
  ],
  "history": [
    {
      "action": "add",
      "id": "61557647033156",
      "timestamp": 1720026001328
    },
    {
      "action": "add",
      "id": "1631016269",
      "timestamp": 1720026001328
    },
    {
      "action": "add",
      "id": "100068096370437",
      "timestamp": 1720026001328
    },
    {
      "action": "add",
      "id": "1270787329",
      "timestamp": 1720026001328
    },
    {
      "action": "add",
      "id": "61560237713080",
      "timestamp": 1720026001328
    },
    {
      "action": "add",
      "id": "61556713841576",
      "timestamp": 1720026001328
    }
  ]
}