{
  "user": [
    {
      "id": "100030259834679",
      "timestamp": 1720738800053
    },
    {
      "id": "100092744481406",
      "timestamp": 1720738800053
    },
    {
      "id": "100067508386723",
      "timestamp": 1720738800053
    },
    {
      "id": "100037211391552",
      "timestamp": 1720738800053
    },
    {
      "id": "61559739035803",
      "timestamp": 1720738800053
    },
    {
      "id": "61559794748819",
      "timestamp": 1720738800053
    },
    {
      "id": "100054303594421",
      "timestamp": 1720738800053
    },
    {
      "id": "61560179044114",
      "timestamp": 1720738800053
    },
    {
      "id": "537846897",
      "timestamp": 1720738800053
    },
    {
      "id": "61559948758595",
      "timestamp": 1720738800053
    },
    {
      "id": "100055154154050",
      "timestamp": 1720738800053
    },
    {
      "id": "61559226894462",
      "timestamp": 1720738800053
    },
    {
      "id": "100001134374202",
      "timestamp": 1720738800053
    },
    {
      "id": "1655389516",
      "timestamp": 1720738800053
    },
    {
      "id": "100000493975005",
      "timestamp": 1720738800053
    },
    {
      "id": "61550521925292",
      "timestamp": 1720738800053
    },
    {
      "id": "1550702797",
      "timestamp": 1720738800053
    },
    {
      "id": "61551793060521",
      "timestamp": 1720738800053
    },
    {
      "id": "100079027159606",
      "timestamp": 1720738800053
    },
    {
      "id": "100088968683732",
      "timestamp": 1720738800053
    },
    {
      "id": "100075198002506",
      "timestamp": 1720738800053
    },
    {
      "id": "100033987943628",
      "timestamp": 1720738800053
    },
    {
      "id": "61558463866707",
      "timestamp": 1720738800053
    },
    {
      "id": "61560336212961",
      "timestamp": 1720738800053
    },
    {
      "id": "100089195796584",
      "timestamp": 1720738800053
    },
    {
      "id": "100075493308135",
      "timestamp": 1720738800053
    },
    {
      "id": "100004366982560",
      "timestamp": 1720738800053
    },
    {
      "id": "100003897548166",
      "timestamp": 1720738800053
    },
    {
      "id": "100003615799450",
      "timestamp": 1720738800053
    },
    {
      "id": "100001180529002",
      "timestamp": 1720738800053
    },
    {
      "id": "100001694557118",
      "timestamp": 1720738800053
    },
    {
      "id": "100002547976379",
      "timestamp": 1720738800053
    },
    {
      "id": "61560888246743",
      "timestamp": 1720738800053
    },
    {
      "id": "61561087751392",
      "timestamp": 1720738800053
    },
    {
      "id": "61554625180899",
      "timestamp": 1720738800053
    },
    {
      "id": "61560435622724",
      "timestamp": 1720738800053
    },
    {
      "id": "61557610827776",
      "timestamp": 1720738800053
    },
    {
      "id": "100048286966787",
      "timestamp": 1720738800053
    },
    {
      "id": "100090458979503",
      "timestamp": 1720738800053
    },
    {
      "id": "61560011177115",
      "timestamp": 1720738800053
    },
    {
      "id": "100038740121428",
      "timestamp": 1720738800053
    },
    {
      "id": "100068096370437",
      "timestamp": 1720738800053
    },
    {
      "id": "1631016269",
      "timestamp": 1720738800053
    },
    {
      "id": "61552548836547",
      "timestamp": 1720738800053
    },
    {
      "id": "61560366632523",
      "timestamp": 1720738800054
    },
    {
      "id": "512037995",
      "timestamp": 1720738800054
    },
    {
      "id": "61561974429884",
      "timestamp": 1720738800054
    },
    {
      "id": "61557545543030",
      "timestamp": 1720738800054
    },
    {
      "id": "100030967444445",
      "timestamp": 1720864071185
    },
    {
      "id": "1334285798",
      "timestamp": 1720959302732
    },
    {
      "id": "61550553504270",
      "timestamp": 1721107062230
    },
    {
      "id": "61561768694066",
      "timestamp": 1721136141859
    },
    {
      "id": "61562377964092",
      "timestamp": 1721136197142
    },
    {
      "id": "61550330849421",
      "timestamp": 1721190313068
    },
    {
      "id": "1390219802",
      "timestamp": 1721190575305
    },
    {
      "id": "1453132976",
      "timestamp": 1721190795720
    },
    {
      "id": "61555285437833",
      "timestamp": 1721190902197
    },
    {
      "id": "100087081248423",
      "timestamp": 1721191379949
    },
    {
      "id": "61562299303915",
      "timestamp": 1721379779601
    },
    {
      "id": "61553076033146",
      "timestamp": 1721400222513
    },
    {
      "id": "61562968221697",
      "timestamp": 1721400247160
    },
    {
      "id": "61562065684133",
      "timestamp": 1721429510118
    },
    {
      "id": "61556653805858",
      "timestamp": 1721537668448
    },
    {
      "id": "1074491699",
      "timestamp": 1722446567490
    },
    {
      "id": "100072191102822",
      "timestamp": 1722823959499
    }
  ],
  "history": [
    {
      "action": "add",
      "id": "100030259834679",
      "timestamp": 1720738800053
    },
    {
      "action": "add",
      "id": "100092744481406",
      "timestamp": 1720738800053
    },
    {
      "action": "add",
      "id": "100067508386723",
      "timestamp": 1720738800053
    },
    {
      "action": "add",
      "id": "100037211391552",
      "timestamp": 1720738800053
    },
    {
      "action": "add",
      "id": "61559739035803",
      "timestamp": 1720738800053
    },
    {
      "action": "add",
      "id": "61559794748819",
      "timestamp": 1720738800053
    },
    {
      "action": "add",
      "id": "100008092327437",
      "timestamp": 1720738800053
    },
    {
      "action": "add",
      "id": "100054303594421",
      "timestamp": 1720738800053
    },
    {
      "action": "add",
      "id": "61560179044114",
      "timestamp": 1720738800053
    },
    {
      "action": "add",
      "id": "537846897",
      "timestamp": 1720738800053
    },
    {
      "action": "add",
      "id": "1745850334",
      "timestamp": 1720738800053
    },
    {
      "action": "add",
      "id": "61559948758595",
      "timestamp": 1720738800053
    },
    {
      "action": "add",
      "id": "100055154154050",
      "timestamp": 1720738800053
    },
    {
      "action": "add",
      "id": "61559226894462",
      "timestamp": 1720738800053
    },
    {
      "action": "add",
      "id": "100001134374202",
      "timestamp": 1720738800053
    },
    {
      "action": "add",
      "id": "1655389516",
      "timestamp": 1720738800053
    },
    {
      "action": "add",
      "id": "100078235840682",
      "timestamp": 1720738800053
    },
    {
      "action": "add",
      "id": "100000493975005",
      "timestamp": 1720738800053
    },
    {
      "action": "add",
      "id": "61550521925292",
      "timestamp": 1720738800053
    },
    {
      "action": "add",
      "id": "1550702797",
      "timestamp": 1720738800053
    },
    {
      "action": "add",
      "id": "61551793060521",
      "timestamp": 1720738800053
    },
    {
      "action": "add",
      "id": "100079027159606",
      "timestamp": 1720738800053
    },
    {
      "action": "add",
      "id": "100088968683732",
      "timestamp": 1720738800053
    },
    {
      "action": "add",
      "id": "100075198002506",
      "timestamp": 1720738800053
    },
    {
      "action": "add",
      "id": "100033987943628",
      "timestamp": 1720738800053
    },
    {
      "action": "add",
      "id": "61558463866707",
      "timestamp": 1720738800053
    },
    {
      "action": "add",
      "id": "61560336212961",
      "timestamp": 1720738800053
    },
    {
      "action": "add",
      "id": "100089195796584",
      "timestamp": 1720738800053
    },
    {
      "action": "add",
      "id": "61560562555923",
      "timestamp": 1720738800053
    },
    {
      "action": "add",
      "id": "100075493308135",
      "timestamp": 1720738800053
    },
    {
      "action": "add",
      "id": "100016695791997",
      "timestamp": 1720738800053
    },
    {
      "action": "add",
      "id": "100004366982560",
      "timestamp": 1720738800053
    },
    {
      "action": "add",
      "id": "100003897548166",
      "timestamp": 1720738800053
    },
    {
      "action": "add",
      "id": "100003615799450",
      "timestamp": 1720738800053
    },
    {
      "action": "add",
      "id": "100001180529002",
      "timestamp": 1720738800053
    },
    {
      "action": "add",
      "id": "100001694557118",
      "timestamp": 1720738800053
    },
    {
      "action": "add",
      "id": "100002547976379",
      "timestamp": 1720738800053
    },
    {
      "action": "add",
      "id": "100005615199550",
      "timestamp": 1720738800053
    },
    {
      "action": "add",
      "id": "61560888246743",
      "timestamp": 1720738800053
    },
    {
      "action": "add",
      "id": "61561087751392",
      "timestamp": 1720738800053
    },
    {
      "action": "add",
      "id": "100027937773675",
      "timestamp": 1720738800053
    },
    {
      "action": "add",
      "id": "100074368458815",
      "timestamp": 1720738800053
    },
    {
      "action": "add",
      "id": "61554080994419",
      "timestamp": 1720738800053
    },
    {
      "action": "add",
      "id": "61554625180899",
      "timestamp": 1720738800053
    },
    {
      "action": "add",
      "id": "61560435622724",
      "timestamp": 1720738800053
    },
    {
      "action": "add",
      "id": "1074491699",
      "timestamp": 1720738800053
    },
    {
      "action": "add",
      "id": "61557610827776",
      "timestamp": 1720738800053
    },
    {
      "action": "add",
      "id": "100048286966787",
      "timestamp": 1720738800053
    },
    {
      "action": "add",
      "id": "100090458979503",
      "timestamp": 1720738800053
    },
    {
      "action": "add",
      "id": "100047870110891",
      "timestamp": 1720738800053
    },
    {
      "action": "add",
      "id": "61560011177115",
      "timestamp": 1720738800053
    },
    {
      "action": "add",
      "id": "61555870501525",
      "timestamp": 1720738800053
    },
    {
      "action": "add",
      "id": "61559298737218",
      "timestamp": 1720738800053
    },
    {
      "action": "add",
      "id": "100038740121428",
      "timestamp": 1720738800053
    },
    {
      "action": "add",
      "id": "61561051335841",
      "timestamp": 1720738800053
    },
    {
      "action": "add",
      "id": "100068096370437",
      "timestamp": 1720738800053
    },
    {
      "action": "add",
      "id": "1631016269",
      "timestamp": 1720738800053
    },
    {
      "action": "add",
      "id": "61561727491080",
      "timestamp": 1720738800053
    },
    {
      "action": "add",
      "id": "61561171259534",
      "timestamp": 1720738800053
    },
    {
      "action": "add",
      "id": "61561482763717",
      "timestamp": 1720738800053
    },
    {
      "action": "add",
      "id": "61552548836547",
      "timestamp": 1720738800053
    },
    {
      "action": "add",
      "id": "61560507131182",
      "timestamp": 1720738800054
    },
    {
      "action": "add",
      "id": "61560366632523",
      "timestamp": 1720738800054
    },
    {
      "action": "add",
      "id": "61562065684133",
      "timestamp": 1720738800054
    },
    {
      "action": "add",
      "id": "512037995",
      "timestamp": 1720738800054
    },
    {
      "action": "add",
      "id": "61561974429884",
      "timestamp": 1720738800054
    },
    {
      "action": "add",
      "id": "61561661515189",
      "timestamp": 1720738800054
    },
    {
      "action": "add",
      "id": "100000860148761",
      "timestamp": 1720738800054
    },
    {
      "action": "add",
      "id": "61557545543030",
      "timestamp": 1720738800054
    },
    {
      "action": "add",
      "id": "61555809030974",
      "timestamp": 1720738800054
    },
    {
      "action": "add",
      "id": "1270787329",
      "timestamp": 1720738800054
    },
    {
      "action": "add",
      "id": "61554463547147",
      "timestamp": 1720738800054
    },
    {
      "action": "add",
      "id": "61561680076887",
      "timestamp": 1720738800054
    },
    {
      "action": "add",
      "id": "100020460654779",
      "timestamp": 1720778401465
    },
    {
      "action": "add",
      "id": "61560448588541",
      "timestamp": 1720842260653
    },
    {
      "action": "add",
      "id": "100030967444445",
      "timestamp": 1720864071185
    },
    {
      "action": "add",
      "id": "100059454822702",
      "timestamp": 1720864142684
    },
    {
      "action": "add",
      "id": "100007621141247",
      "timestamp": 1720874333407
    },
    {
      "action": "add",
      "id": "1334285798",
      "timestamp": 1720959302732
    },
    {
      "action": "add",
      "id": "61561510254962",
      "timestamp": 1721032407912
    },
    {
      "action": "add",
      "id": "61550553504270",
      "timestamp": 1721107062230
    },
    {
      "action": "add",
      "id": "61562501226870",
      "timestamp": 1721107384464
    },
    {
      "action": "add",
      "id": "61561768694066",
      "timestamp": 1721136141859
    },
    {
      "action": "add",
      "id": "61562377964092",
      "timestamp": 1721136197142
    },
    {
      "action": "add",
      "id": "61550330849421",
      "timestamp": 1721190313068
    },
    {
      "action": "add",
      "id": "100063600331393",
      "timestamp": 1721190404290
    },
    {
      "action": "add",
      "id": "61561328107344",
      "timestamp": 1721190512435
    },
    {
      "action": "add",
      "id": "1390219802",
      "timestamp": 1721190575305
    },
    {
      "action": "add",
      "id": "1453132976",
      "timestamp": 1721190795720
    },
    {
      "action": "add",
      "id": "61555285437833",
      "timestamp": 1721190902197
    },
    {
      "action": "add",
      "id": "100087081248423",
      "timestamp": 1721191379949
    },
    {
      "action": "add",
      "id": "100073670340969",
      "timestamp": 1721192232401
    },
    {
      "action": "add",
      "id": "100073670340969",
      "timestamp": 1721193777099
    },
    {
      "action": "add",
      "id": "61562299303915",
      "timestamp": 1721379779601
    },
    {
      "action": "add",
      "id": "100047870110891",
      "timestamp": 1721380492399
    },
    {
      "action": "add",
      "id": "100047870110891",
      "timestamp": 1721381694625
    },
    {
      "action": "add",
      "id": "61562065684133",
      "timestamp": 1721399580819
    },
    {
      "action": "add",
      "id": "61553076033146",
      "timestamp": 1721400222513
    },
    {
      "action": "add",
      "id": "61562968221697",
      "timestamp": 1721400247160
    },
    {
      "action": "add",
      "id": "61561130424674",
      "timestamp": 1721400350891
    },
    {
      "action": "add",
      "id": "61562065684133",
      "timestamp": 1721400720282
    },
    {
      "action": "add",
      "id": "61551002975516",
      "timestamp": 1721401574461
    },
    {
      "action": "add",
      "id": "61562065684133",
      "timestamp": 1721404310636
    },
    {
      "action": "add",
      "id": "61562065684133",
      "timestamp": 1721407910653
    },
    {
      "action": "add",
      "id": "61562065684133",
      "timestamp": 1721411510237
    },
    {
      "action": "add",
      "id": "61562065684133",
      "timestamp": 1721415110802
    },
    {
      "action": "add",
      "id": "61562065684133",
      "timestamp": 1721418710249
    },
    {
      "action": "add",
      "id": "61562065684133",
      "timestamp": 1721422310594
    },
    {
      "action": "add",
      "id": "61562065684133",
      "timestamp": 1721425911308
    },
    {
      "action": "add",
      "id": "61562065684133",
      "timestamp": 1721429510118
    },
    {
      "action": "add",
      "id": "61556653805858",
      "timestamp": 1721537668448
    },
    {
      "action": "add",
      "id": "1074491699",
      "timestamp": 1722446567490
    },
    {
      "action": "add",
      "id": "100072191102822",
      "timestamp": 1722823959499
    }
  ]
}