{
  "user": [
    {
      "id": "61550591536270",
      "timestamp": 1722853566673
    },
    {
      "id": "61556546422896",
      "timestamp": 1722853566673
    },
    {
      "id": "1631016269",
      "timestamp": 1722853566673
    },
    {
      "id": "61560623041466",
      "timestamp": 1722853566673
    },
    {
      "id": "100084817249585",
      "timestamp": 1722862505055
    },
    {
      "id": "100091804410271",
      "timestamp": 1722877203203
    }
  ],
  "history": [
    {
      "action": "add",
      "id": "61550591536270",
      "timestamp": 1722853566673
    },
    {
      "action": "add",
      "id": "61556546422896",
      "timestamp": 1722853566673
    },
    {
      "action": "add",
      "id": "1631016269",
      "timestamp": 1722853566673
    },
    {
      "action": "add",
      "id": "61560623041466",
      "timestamp": 1722853566673
    },
    {
      "action": "add",
      "id": "100084817249585",
      "timestamp": 1722862505055
    },
    {
      "action": "add",
      "id": "100091804410271",
      "timestamp": 1722877203203
    }
  ]
}