{
  "user": [
    {
      "id": "61556733561380",
      "timestamp": 1719979802902
    },
    {
      "id": "61550113013992",
      "timestamp": 1719979802902
    },
    {
      "id": "61557194477993",
      "timestamp": 1719979802902
    },
    {
      "id": "61556731134871",
      "timestamp": 1719979802902
    },
    {
      "id": "1631016269",
      "timestamp": 1719979802902
    },
    {
      "id": "100088523196488",
      "timestamp": 1719979802902
    },
    {
      "id": "61550710187756",
      "timestamp": 1719979802902
    },
    {
      "id": "61555200361605",
      "timestamp": 1719979802902
    },
    {
      "id": "100076625382979",
      "timestamp": 1719979802902
    },
    {
      "id": "100040381432088",
      "timestamp": 1719979802902
    },
    {
      "id": "1270787329",
      "timestamp": 1719979802902
    },
    {
      "id": "100094152308909",
      "timestamp": 1719979802902
    },
    {
      "id": "100000179302694",
      "timestamp": 1719979802902
    },
    {
      "id": "100093957447861",
      "timestamp": 1719979802902
    },
    {
      "id": "61556280566705",
      "timestamp": 1719979802902
    },
    {
      "id": "61550364186525",
      "timestamp": 1719979802902
    },
    {
      "id": "61559678424671",
      "timestamp": 1719979802902
    },
    {
      "id": "61550464273221",
      "timestamp": 1719979802902
    },
    {
      "id": "61556248435203",
      "timestamp": 1719979802902
    },
    {
      "id": "100076181431999",
      "timestamp": 1719979802902
    },
    {
      "id": "100074963352484",
      "timestamp": 1719979802902
    },
    {
      "id": "100085874686722",
      "timestamp": 1719979802902
    },
    {
      "id": "100082243673141",
      "timestamp": 1719979802902
    },
    {
      "id": "100008704571039",
      "timestamp": 1719979802902
    },
    {
      "id": "61561146256843",
      "timestamp": 1719979802902
    },
    {
      "id": "100016302577757",
      "timestamp": 1719979802902
    },
    {
      "id": "100094366582876",
      "timestamp": 1719979802902
    },
    {
      "id": "100095034562696",
      "timestamp": 1719979802902
    },
    {
      "id": "100087449897611",
      "timestamp": 1719979802902
    },
    {
      "id": "100064095043703",
      "timestamp": 1719979802902
    },
    {
      "id": "61556744172504",
      "timestamp": 1720020058029
    },
    {
      "id": "100043674085426",
      "timestamp": 1720459609989
    }
  ],
  "history": [
    {
      "action": "add",
      "id": "61556733561380",
      "timestamp": 1719979802902
    },
    {
      "action": "add",
      "id": "61550113013992",
      "timestamp": 1719979802902
    },
    {
      "action": "add",
      "id": "100042854060259",
      "timestamp": 1719979802902
    },
    {
      "action": "add",
      "id": "100083290172201",
      "timestamp": 1719979802902
    },
    {
      "action": "add",
      "id": "100009808609330",
      "timestamp": 1719979802902
    },
    {
      "action": "add",
      "id": "61557194477993",
      "timestamp": 1719979802902
    },
    {
      "action": "add",
      "id": "61556731134871",
      "timestamp": 1719979802902
    },
    {
      "action": "add",
      "id": "100068096370437",
      "timestamp": 1719979802902
    },
    {
      "action": "add",
      "id": "1631016269",
      "timestamp": 1719979802902
    },
    {
      "action": "add",
      "id": "100088523196488",
      "timestamp": 1719979802902
    },
    {
      "action": "add",
      "id": "61550710187756",
      "timestamp": 1719979802902
    },
    {
      "action": "add",
      "id": "61555200361605",
      "timestamp": 1719979802902
    },
    {
      "action": "add",
      "id": "100076625382979",
      "timestamp": 1719979802902
    },
    {
      "action": "add",
      "id": "100095346240686",
      "timestamp": 1719979802902
    },
    {
      "action": "add",
      "id": "61556880046446",
      "timestamp": 1719979802902
    },
    {
      "action": "add",
      "id": "100040381432088",
      "timestamp": 1719979802902
    },
    {
      "action": "add",
      "id": "1270787329",
      "timestamp": 1719979802902
    },
    {
      "action": "add",
      "id": "61556738754869",
      "timestamp": 1719979802902
    },
    {
      "action": "add",
      "id": "100094152308909",
      "timestamp": 1719979802902
    },
    {
      "action": "add",
      "id": "100084757909127",
      "timestamp": 1719979802902
    },
    {
      "action": "add",
      "id": "100015792285845",
      "timestamp": 1719979802902
    },
    {
      "action": "add",
      "id": "100022906493811",
      "timestamp": 1719979802902
    },
    {
      "action": "add",
      "id": "61555046592502",
      "timestamp": 1719979802902
    },
    {
      "action": "add",
      "id": "100000179302694",
      "timestamp": 1719979802902
    },
    {
      "action": "add",
      "id": "100093957447861",
      "timestamp": 1719979802902
    },
    {
      "action": "add",
      "id": "61556280566705",
      "timestamp": 1719979802902
    },
    {
      "action": "add",
      "id": "61550364186525",
      "timestamp": 1719979802902
    },
    {
      "action": "add",
      "id": "61559678424671",
      "timestamp": 1719979802902
    },
    {
      "action": "add",
      "id": "61554927806733",
      "timestamp": 1719979802902
    },
    {
      "action": "add",
      "id": "100085944084028",
      "timestamp": 1719979802902
    },
    {
      "action": "add",
      "id": "100010604088095",
      "timestamp": 1719979802902
    },
    {
      "action": "add",
      "id": "61553214159828",
      "timestamp": 1719979802902
    },
    {
      "action": "add",
      "id": "100092703514963",
      "timestamp": 1719979802902
    },
    {
      "action": "add",
      "id": "100085461536901",
      "timestamp": 1719979802902
    },
    {
      "action": "add",
      "id": "61560067138519",
      "timestamp": 1719979802902
    },
    {
      "action": "add",
      "id": "61550464273221",
      "timestamp": 1719979802902
    },
    {
      "action": "add",
      "id": "100092755604303",
      "timestamp": 1719979802902
    },
    {
      "action": "add",
      "id": "61556248435203",
      "timestamp": 1719979802902
    },
    {
      "action": "add",
      "id": "100076181431999",
      "timestamp": 1719979802902
    },
    {
      "action": "add",
      "id": "100090595397887",
      "timestamp": 1719979802902
    },
    {
      "action": "add",
      "id": "100074963352484",
      "timestamp": 1719979802902
    },
    {
      "action": "add",
      "id": "100085874686722",
      "timestamp": 1719979802902
    },
    {
      "action": "add",
      "id": "100082243673141",
      "timestamp": 1719979802902
    },
    {
      "action": "add",
      "id": "61554184107944",
      "timestamp": 1719979802902
    },
    {
      "action": "add",
      "id": "100082833281980",
      "timestamp": 1719979802902
    },
    {
      "action": "add",
      "id": "100074434760555",
      "timestamp": 1719979802902
    },
    {
      "action": "add",
      "id": "100089576965370",
      "timestamp": 1719979802902
    },
    {
      "action": "add",
      "id": "100043674085426",
      "timestamp": 1719979802902
    },
    {
      "action": "add",
      "id": "61554737573247",
      "timestamp": 1719979802902
    },
    {
      "action": "add",
      "id": "100091825214880",
      "timestamp": 1719979802902
    },
    {
      "action": "add",
      "id": "100006492433791",
      "timestamp": 1719979802902
    },
    {
      "action": "add",
      "id": "61553277367886",
      "timestamp": 1719979802902
    },
    {
      "action": "add",
      "id": "100032757468065",
      "timestamp": 1719979802902
    },
    {
      "action": "add",
      "id": "100075829243961",
      "timestamp": 1719979802902
    },
    {
      "action": "add",
      "id": "61557572535202",
      "timestamp": 1719979802902
    },
    {
      "action": "add",
      "id": "100037653251714",
      "timestamp": 1719979802902
    },
    {
      "action": "add",
      "id": "61560179407709",
      "timestamp": 1719979802902
    },
    {
      "action": "add",
      "id": "61557171358131",
      "timestamp": 1719979802902
    },
    {
      "action": "add",
      "id": "100023083519506",
      "timestamp": 1719979802902
    },
    {
      "action": "add",
      "id": "100008704571039",
      "timestamp": 1719979802902
    },
    {
      "action": "add",
      "id": "100032875202480",
      "timestamp": 1719979802902
    },
    {
      "action": "add",
      "id": "61561146256843",
      "timestamp": 1719979802902
    },
    {
      "action": "add",
      "id": "100016302577757",
      "timestamp": 1719979802902
    },
    {
      "action": "add",
      "id": "61555174777049",
      "timestamp": 1719979802902
    },
    {
      "action": "add",
      "id": "100094366582876",
      "timestamp": 1719979802902
    },
    {
      "action": "add",
      "id": "100095034562696",
      "timestamp": 1719979802902
    },
    {
      "action": "add",
      "id": "100087449897611",
      "timestamp": 1719979802902
    },
    {
      "action": "add",
      "id": "100064095043703",
      "timestamp": 1719979802902
    },
    {
      "action": "add",
      "id": "61556744172504",
      "timestamp": 1720011069453
    },
    {
      "action": "add",
      "id": "61556744172504",
      "timestamp": 1720020058029
    },
    {
      "action": "add",
      "id": "100039921634401",
      "timestamp": 1720081853731
    },
    {
      "action": "add",
      "id": "61556402267723",
      "timestamp": 1720199356420
    },
    {
      "action": "add",
      "id": "61556402267723",
      "timestamp": 1720230779644
    },
    {
      "action": "add",
      "id": "61556402267723",
      "timestamp": 1720233369131
    },
    {
      "action": "add",
      "id": "100091825214880",
      "timestamp": 1720233369131
    },
    {
      "action": "add",
      "id": "100052215827130",
      "timestamp": 1720235320788
    },
    {
      "action": "add",
      "id": "100063797824412",
      "timestamp": 1720235339542
    },
    {
      "action": "add",
      "id": "100043674085426",
      "timestamp": 1720459609989
    }
  ]
}