{
  "user": [
    {
      "id": "100021953167597",
      "timestamp": 1722853566839
    },
    {
      "id": "1631016269",
      "timestamp": 1722853566839
    },
    {
      "id": "61558581067406",
      "timestamp": 1722853566839
    },
    {
      "id": "100086688428976",
      "timestamp": 1722853566839
    }
  ],
  "history": [
    {
      "action": "add",
      "id": "100021953167597",
      "timestamp": 1722853566839
    },
    {
      "action": "add",
      "id": "1631016269",
      "timestamp": 1722853566839
    },
    {
      "action": "add",
      "id": "61558581067406",
      "timestamp": 1722853566839
    },
    {
      "action": "add",
      "id": "100086688428976",
      "timestamp": 1722853566839
    }
  ]
}