{
  "user": [
    {
      "id": "61550758326960",
      "timestamp": 1722832696290
    },
    {
      "id": "61559511901490",
      "timestamp": 1722832696290
    },
    {
      "id": "100026125054144",
      "timestamp": 1722832696290
    },
    {
      "id": "100080070395330",
      "timestamp": 1722832696290
    },
    {
      "id": "100092993506675",
      "timestamp": 1722832696290
    },
    {
      "id": "61557049288090",
      "timestamp": 1722832696290
    },
    {
      "id": "100081646314029",
      "timestamp": 1722832696290
    },
    {
      "id": "61560092079061",
      "timestamp": 1722832696290
    },
    {
      "id": "100079554775033",
      "timestamp": 1722832696290
    },
    {
      "id": "100050285258343",
      "timestamp": 1722832696290
    },
    {
      "id": "61559809215805",
      "timestamp": 1722832696290
    },
    {
      "id": "100091339406312",
      "timestamp": 1722832696290
    },
    {
      "id": "100087785870911",
      "timestamp": 1722832696290
    },
    {
      "id": "61550747927439",
      "timestamp": 1722832696290
    },
    {
      "id": "61553455123978",
      "timestamp": 1722832696290
    },
    {
      "id": "100091786759816",
      "timestamp": 1722832696290
    },
    {
      "id": "100053323643285",
      "timestamp": 1722832696290
    },
    {
      "id": "100082851168864",
      "timestamp": 1722832696290
    },
    {
      "id": "61554846234741",
      "timestamp": 1722832696290
    },
    {
      "id": "100075960140986",
      "timestamp": 1722832696290
    },
    {
      "id": "100076170590975",
      "timestamp": 1722832696290
    },
    {
      "id": "100084554825076",
      "timestamp": 1722832696290
    },
    {
      "id": "61552523556500",
      "timestamp": 1722832696290
    },
    {
      "id": "100089257350934",
      "timestamp": 1722832696290
    },
    {
      "id": "100068106243189",
      "timestamp": 1722832696290
    },
    {
      "id": "61557763094430",
      "timestamp": 1722832696290
    },
    {
      "id": "100091437274763",
      "timestamp": 1722832696290
    },
    {
      "id": "100006338207803",
      "timestamp": 1722832696290
    },
    {
      "id": "100092009466021",
      "timestamp": 1722832696290
    },
    {
      "id": "100093374716718",
      "timestamp": 1722832696290
    },
    {
      "id": "1631016269",
      "timestamp": 1722832696290
    },
    {
      "id": "100091373785015",
      "timestamp": 1722832696290
    },
    {
      "id": "100077800191061",
      "timestamp": 1722832696290
    },
    {
      "id": "61558781927638",
      "timestamp": 1722832696290
    },
    {
      "id": "100068096370437",
      "timestamp": 1722833884268
    },
    {
      "id": "61554884855569",
      "timestamp": 1722904850311
    },
    {
      "id": "100082105071390",
      "timestamp": 1722956393987
    },
    {
      "id": "100088538200349",
      "timestamp": 1722991904054
    },
    {
      "id": "100070324142071",
      "timestamp": 1722997423574
    },
    {
      "id": "100095637392314",
      "timestamp": 1722997423574
    },
    {
      "id": "1270787329",
      "timestamp": 1723024159918
    },
    {
      "id": "61550953717067",
      "timestamp": 1723045118844
    },
    {
      "id": "100076251790263",
      "timestamp": 1723045118844
    },
    {
      "id": "100088112863405",
      "timestamp": 1723045118844
    },
    {
      "id": "100087656534990",
      "timestamp": 1723080661082
    },
    {
      "id": "100093024836709",
      "timestamp": 1723080754791
    },
    {
      "id": "100072810433342",
      "timestamp": 1723098486368
    },
    {
      "id": "61560563758108",
      "timestamp": 1723110275656
    },
    {
      "id": "100075311721824",
      "timestamp": 1723110275656
    },
    {
      "id": "100078207820622",
      "timestamp": 1723110284439
    },
    {
      "id": "61555615945119",
      "timestamp": 1723121785516
    },
    {
      "id": "61556123743372",
      "timestamp": 1723121785516
    },
    {
      "id": "100087947331287",
      "timestamp": 1723121852100
    },
    {
      "id": "61550352231525",
      "timestamp": 1723126450980
    },
    {
      "id": "61559211027427",
      "timestamp": 1723130628107
    },
    {
      "id": "100089158691882",
      "timestamp": 1723130628107
    },
    {
      "id": "100093142998231",
      "timestamp": 1723130628107
    },
    {
      "id": "100094670374531",
      "timestamp": 1723130628107
    },
    {
      "id": "100080745856638",
      "timestamp": 1723140222824
    },
    {
      "id": "100064903150574",
      "timestamp": 1723168583338
    },
    {
      "id": "100076200187707",
      "timestamp": 1723168583338
    },
    {
      "id": "100076522835099",
      "timestamp": 1723183807549
    },
    {
      "id": "100089199159371",
      "timestamp": 1723183807549
    },
    {
      "id": "100073747737683",
      "timestamp": 1723198773820
    },
    {
      "id": "100086556542442",
      "timestamp": 1723198773820
    },
    {
      "id": "100080795627387",
      "timestamp": 1723198773820
    },
    {
      "id": "100045673783618",
      "timestamp": 1723208771181
    },
    {
      "id": "100090446142026",
      "timestamp": 1723208771181
    }
  ],
  "history": [
    {
      "action": "add",
      "id": "61550758326960",
      "timestamp": 1722832696290
    },
    {
      "action": "add",
      "id": "100039236880622",
      "timestamp": 1722832696290
    },
    {
      "action": "add",
      "id": "61559511901490",
      "timestamp": 1722832696290
    },
    {
      "action": "add",
      "id": "61560750447064",
      "timestamp": 1722832696290
    },
    {
      "action": "add",
      "id": "100026125054144",
      "timestamp": 1722832696290
    },
    {
      "action": "add",
      "id": "61552618048903",
      "timestamp": 1722832696290
    },
    {
      "action": "add",
      "id": "100080070395330",
      "timestamp": 1722832696290
    },
    {
      "action": "add",
      "id": "100092993506675",
      "timestamp": 1722832696290
    },
    {
      "action": "add",
      "id": "61557049288090",
      "timestamp": 1722832696290
    },
    {
      "action": "add",
      "id": "100081646314029",
      "timestamp": 1722832696290
    },
    {
      "action": "add",
      "id": "61560092079061",
      "timestamp": 1722832696290
    },
    {
      "action": "add",
      "id": "100091356453906",
      "timestamp": 1722832696290
    },
    {
      "action": "add",
      "id": "100079554775033",
      "timestamp": 1722832696290
    },
    {
      "action": "add",
      "id": "100050285258343",
      "timestamp": 1722832696290
    },
    {
      "action": "add",
      "id": "61561869825477",
      "timestamp": 1722832696290
    },
    {
      "action": "add",
      "id": "100084463900012",
      "timestamp": 1722832696290
    },
    {
      "action": "add",
      "id": "61553612587956",
      "timestamp": 1722832696290
    },
    {
      "action": "add",
      "id": "100084471307033",
      "timestamp": 1722832696290
    },
    {
      "action": "add",
      "id": "100092836485918",
      "timestamp": 1722832696290
    },
    {
      "action": "add",
      "id": "100080000831904",
      "timestamp": 1722832696290
    },
    {
      "action": "add",
      "id": "61559809215805",
      "timestamp": 1722832696290
    },
    {
      "action": "add",
      "id": "100091339406312",
      "timestamp": 1722832696290
    },
    {
      "action": "add",
      "id": "100087785870911",
      "timestamp": 1722832696290
    },
    {
      "action": "add",
      "id": "61550747927439",
      "timestamp": 1722832696290
    },
    {
      "action": "add",
      "id": "61553455123978",
      "timestamp": 1722832696290
    },
    {
      "action": "add",
      "id": "100093024836709",
      "timestamp": 1722832696290
    },
    {
      "action": "add",
      "id": "100091786759816",
      "timestamp": 1722832696290
    },
    {
      "action": "add",
      "id": "61560411494895",
      "timestamp": 1722832696290
    },
    {
      "action": "add",
      "id": "100074427896650",
      "timestamp": 1722832696290
    },
    {
      "action": "add",
      "id": "100053323643285",
      "timestamp": 1722832696290
    },
    {
      "action": "add",
      "id": "100073443351797",
      "timestamp": 1722832696290
    },
    {
      "action": "add",
      "id": "100082851168864",
      "timestamp": 1722832696290
    },
    {
      "action": "add",
      "id": "100066514144661",
      "timestamp": 1722832696290
    },
    {
      "action": "add",
      "id": "61554846234741",
      "timestamp": 1722832696290
    },
    {
      "action": "add",
      "id": "100082307173862",
      "timestamp": 1722832696290
    },
    {
      "action": "add",
      "id": "100093710152244",
      "timestamp": 1722832696290
    },
    {
      "action": "add",
      "id": "100087201575964",
      "timestamp": 1722832696290
    },
    {
      "action": "add",
      "id": "100075960140986",
      "timestamp": 1722832696290
    },
    {
      "action": "add",
      "id": "100079071016822",
      "timestamp": 1722832696290
    },
    {
      "action": "add",
      "id": "100076170590975",
      "timestamp": 1722832696290
    },
    {
      "action": "add",
      "id": "100082262992772",
      "timestamp": 1722832696290
    },
    {
      "action": "add",
      "id": "61550476010142",
      "timestamp": 1722832696290
    },
    {
      "action": "add",
      "id": "100072540964533",
      "timestamp": 1722832696290
    },
    {
      "action": "add",
      "id": "61559090292716",
      "timestamp": 1722832696290
    },
    {
      "action": "add",
      "id": "61551119618034",
      "timestamp": 1722832696290
    },
    {
      "action": "add",
      "id": "100084554825076",
      "timestamp": 1722832696290
    },
    {
      "action": "add",
      "id": "61552523556500",
      "timestamp": 1722832696290
    },
    {
      "action": "add",
      "id": "61556032126257",
      "timestamp": 1722832696290
    },
    {
      "action": "add",
      "id": "100075487781101",
      "timestamp": 1722832696290
    },
    {
      "action": "add",
      "id": "100081629951794",
      "timestamp": 1722832696290
    },
    {
      "action": "add",
      "id": "100089257350934",
      "timestamp": 1722832696290
    },
    {
      "action": "add",
      "id": "100091683886408",
      "timestamp": 1722832696290
    },
    {
      "action": "add",
      "id": "61550482052659",
      "timestamp": 1722832696290
    },
    {
      "action": "add",
      "id": "61557054722339",
      "timestamp": 1722832696290
    },
    {
      "action": "add",
      "id": "61559049475471",
      "timestamp": 1722832696290
    },
    {
      "action": "add",
      "id": "61560069345073",
      "timestamp": 1722832696290
    },
    {
      "action": "add",
      "id": "100052088613308",
      "timestamp": 1722832696290
    },
    {
      "action": "add",
      "id": "100068106243189",
      "timestamp": 1722832696290
    },
    {
      "action": "add",
      "id": "100076321706493",
      "timestamp": 1722832696290
    },
    {
      "action": "add",
      "id": "100080795627387",
      "timestamp": 1722832696290
    },
    {
      "action": "add",
      "id": "100093859194670",
      "timestamp": 1722832696290
    },
    {
      "action": "add",
      "id": "100089582570963",
      "timestamp": 1722832696290
    },
    {
      "action": "add",
      "id": "100089146059606",
      "timestamp": 1722832696290
    },
    {
      "action": "add",
      "id": "100025227383725",
      "timestamp": 1722832696290
    },
    {
      "action": "add",
      "id": "100084295575484",
      "timestamp": 1722832696290
    },
    {
      "action": "add",
      "id": "100081105283721",
      "timestamp": 1722832696290
    },
    {
      "action": "add",
      "id": "61551821822614",
      "timestamp": 1722832696290
    },
    {
      "action": "add",
      "id": "100072223251017",
      "timestamp": 1722832696290
    },
    {
      "action": "add",
      "id": "61557763094430",
      "timestamp": 1722832696290
    },
    {
      "action": "add",
      "id": "100091437274763",
      "timestamp": 1722832696290
    },
    {
      "action": "add",
      "id": "100006338207803",
      "timestamp": 1722832696290
    },
    {
      "action": "add",
      "id": "61550045168804",
      "timestamp": 1722832696290
    },
    {
      "action": "add",
      "id": "100010618545634",
      "timestamp": 1722832696290
    },
    {
      "action": "add",
      "id": "100090482555028",
      "timestamp": 1722832696290
    },
    {
      "action": "add",
      "id": "100092009466021",
      "timestamp": 1722832696290
    },
    {
      "action": "add",
      "id": "100074237084680",
      "timestamp": 1722832696290
    },
    {
      "action": "add",
      "id": "100093374716718",
      "timestamp": 1722832696290
    },
    {
      "action": "add",
      "id": "1631016269",
      "timestamp": 1722832696290
    },
    {
      "action": "add",
      "id": "100072810433342",
      "timestamp": 1722832696290
    },
    {
      "action": "add",
      "id": "100091373785015",
      "timestamp": 1722832696290
    },
    {
      "action": "add",
      "id": "100087837375950",
      "timestamp": 1722832696290
    },
    {
      "action": "add",
      "id": "100077800191061",
      "timestamp": 1722832696290
    },
    {
      "action": "add",
      "id": "61558781927638",
      "timestamp": 1722832696290
    },
    {
      "action": "add",
      "id": "100068096370437",
      "timestamp": 1722833884268
    },
    {
      "action": "add",
      "id": "100078652670452",
      "timestamp": 1722842895941
    },
    {
      "action": "add",
      "id": "100078652670452",
      "timestamp": 1722843751158
    },
    {
      "action": "add",
      "id": "61552618048903",
      "timestamp": 1722843795472
    },
    {
      "action": "add",
      "id": "100078652670452",
      "timestamp": 1722843947156
    },
    {
      "action": "add",
      "id": "100078652670452",
      "timestamp": 1722844568473
    },
    {
      "action": "add",
      "id": "100078652670452",
      "timestamp": 1722847906984
    },
    {
      "action": "add",
      "id": "100090921703172",
      "timestamp": 1722855836771
    },
    {
      "action": "add",
      "id": "61554884855569",
      "timestamp": 1722904850311
    },
    {
      "action": "add",
      "id": "61557704495367",
      "timestamp": 1722904850311
    },
    {
      "action": "add",
      "id": "100082105071390",
      "timestamp": 1722956393987
    },
    {
      "action": "add",
      "id": "61560671258189",
      "timestamp": 1722991551853
    },
    {
      "action": "add",
      "id": "61550830494185",
      "timestamp": 1722991904054
    },
    {
      "action": "add",
      "id": "100088538200349",
      "timestamp": 1722991904054
    },
    {
      "action": "add",
      "id": "100027101025616",
      "timestamp": 1722997423574
    },
    {
      "action": "add",
      "id": "100070324142071",
      "timestamp": 1722997423574
    },
    {
      "action": "add",
      "id": "100076626459177",
      "timestamp": 1722997423574
    },
    {
      "action": "add",
      "id": "100095637392314",
      "timestamp": 1722997423574
    },
    {
      "action": "add",
      "id": "100090852291874",
      "timestamp": 1722999614880
    },
    {
      "action": "add",
      "id": "100092207946444",
      "timestamp": 1723006974577
    },
    {
      "action": "add",
      "id": "100073673514255",
      "timestamp": 1723019556767
    },
    {
      "action": "add",
      "id": "1270787329",
      "timestamp": 1723024159918
    },
    {
      "action": "add",
      "id": "61550953717067",
      "timestamp": 1723045118844
    },
    {
      "action": "add",
      "id": "61554852327492",
      "timestamp": 1723045118844
    },
    {
      "action": "add",
      "id": "61560490691064",
      "timestamp": 1723045118844
    },
    {
      "action": "add",
      "id": "100076251790263",
      "timestamp": 1723045118844
    },
    {
      "action": "add",
      "id": "100088112863405",
      "timestamp": 1723045118844
    },
    {
      "action": "add",
      "id": "100087656534990",
      "timestamp": 1723080661082
    },
    {
      "action": "add",
      "id": "100093024836709",
      "timestamp": 1723080754791
    },
    {
      "action": "add",
      "id": "61554852327492",
      "timestamp": 1723083197643
    },
    {
      "action": "add",
      "id": "100072810433342",
      "timestamp": 1723098486368
    },
    {
      "action": "add",
      "id": "61560490691064",
      "timestamp": 1723110275656
    },
    {
      "action": "add",
      "id": "61560563758108",
      "timestamp": 1723110275656
    },
    {
      "action": "add",
      "id": "61560671258189",
      "timestamp": 1723110275656
    },
    {
      "action": "add",
      "id": "100075311721824",
      "timestamp": 1723110275656
    },
    {
      "action": "add",
      "id": "100076522835099",
      "timestamp": 1723110284439
    },
    {
      "action": "add",
      "id": "100075132177987",
      "timestamp": 1723110284439
    },
    {
      "action": "add",
      "id": "100078207820622",
      "timestamp": 1723110284439
    },
    {
      "action": "add",
      "id": "100089199159371",
      "timestamp": 1723110284439
    },
    {
      "action": "add",
      "id": "100089199159371",
      "timestamp": 1723110328638
    },
    {
      "action": "add",
      "id": "61550352231525",
      "timestamp": 1723121785516
    },
    {
      "action": "add",
      "id": "61555615945119",
      "timestamp": 1723121785516
    },
    {
      "action": "add",
      "id": "61556123743372",
      "timestamp": 1723121785516
    },
    {
      "action": "add",
      "id": "61560671258189",
      "timestamp": 1723121785516
    },
    {
      "action": "add",
      "id": "100087947331287",
      "timestamp": 1723121852100
    },
    {
      "action": "add",
      "id": "61550352231525",
      "timestamp": 1723126450980
    },
    {
      "action": "add",
      "id": "100089017202911",
      "timestamp": 1723126958807
    },
    {
      "action": "add",
      "id": "100086678691660",
      "timestamp": 1723130628107
    },
    {
      "action": "add",
      "id": "61559211027427",
      "timestamp": 1723130628107
    },
    {
      "action": "add",
      "id": "100089158691882",
      "timestamp": 1723130628107
    },
    {
      "action": "add",
      "id": "100091986323931",
      "timestamp": 1723130628107
    },
    {
      "action": "add",
      "id": "100089612044059",
      "timestamp": 1723130628107
    },
    {
      "action": "add",
      "id": "100093142998231",
      "timestamp": 1723130628107
    },
    {
      "action": "add",
      "id": "100094670374531",
      "timestamp": 1723130628107
    },
    {
      "action": "add",
      "id": "61552793827280",
      "timestamp": 1723130735000
    },
    {
      "action": "add",
      "id": "61560671258189",
      "timestamp": 1723131633978
    },
    {
      "action": "add",
      "id": "100091986323931",
      "timestamp": 1723131633978
    },
    {
      "action": "add",
      "id": "100080745856638",
      "timestamp": 1723140222824
    },
    {
      "action": "add",
      "id": "100064903150574",
      "timestamp": 1723140222824
    },
    {
      "action": "add",
      "id": "61560671258189",
      "timestamp": 1723168583338
    },
    {
      "action": "add",
      "id": "100064903150574",
      "timestamp": 1723168583338
    },
    {
      "action": "add",
      "id": "100076200187707",
      "timestamp": 1723168583338
    },
    {
      "action": "add",
      "id": "100089199159371",
      "timestamp": 1723168583338
    },
    {
      "action": "add",
      "id": "61560671258189",
      "timestamp": 1723177212312
    },
    {
      "action": "add",
      "id": "100089199159371",
      "timestamp": 1723177212312
    },
    {
      "action": "add",
      "id": "100076522835099",
      "timestamp": 1723183807549
    },
    {
      "action": "add",
      "id": "100089199159371",
      "timestamp": 1723183807549
    },
    {
      "action": "add",
      "id": "100073747737683",
      "timestamp": 1723198773820
    },
    {
      "action": "add",
      "id": "61552793827280",
      "timestamp": 1723198773820
    },
    {
      "action": "add",
      "id": "100086556542442",
      "timestamp": 1723198773820
    },
    {
      "action": "add",
      "id": "100080795627387",
      "timestamp": 1723198773820
    },
    {
      "action": "add",
      "id": "100089017202911",
      "timestamp": 1723203606311
    },
    {
      "action": "add",
      "id": "100045673783618",
      "timestamp": 1723208771181
    },
    {
      "action": "add",
      "id": "100090446142026",
      "timestamp": 1723208771181
    }
  ]
}