{
  "user": [
    {
      "id": "100075036634225",
      "timestamp": 1719980621589
    },
    {
      "id": "100084548652700",
      "timestamp": 1719980621589
    },
    {
      "id": "100081928398400",
      "timestamp": 1719980621589
    },
    {
      "id": "100068096370437",
      "timestamp": 1719980621589
    },
    {
      "id": "1631016269",
      "timestamp": 1719980621589
    },
    {
      "id": "100092283487125",
      "timestamp": 1719980621589
    },
    {
      "id": "61557158960175",
      "timestamp": 1719980621589
    },
    {
      "id": "100059824713145",
      "timestamp": 1719980621589
    },
    {
      "id": "100080900198611",
      "timestamp": 1719980621589
    },
    {
      "id": "100075094142170",
      "timestamp": 1719980621589
    },
    {
      "id": "100035861801856",
      "timestamp": 1719980621589
    },
    {
      "id": "100091936638602",
      "timestamp": 1719980621589
    },
    {
      "id": "100039443646033",
      "timestamp": 1719980621589
    },
    {
      "id": "100078994639177",
      "timestamp": 1719980621589
    },
    {
      "id": "100044781432771",
      "timestamp": 1719980621589
    },
    {
      "id": "100054362720975",
      "timestamp": 1719980621589
    },
    {
      "id": "100051753033001",
      "timestamp": 1719980621589
    },
    {
      "id": "61558892776979",
      "timestamp": 1719980621589
    },
    {
      "id": "100073690334616",
      "timestamp": 1719980621589
    },
    {
      "id": "100088378908957",
      "timestamp": 1719980621589
    },
    {
      "id": "100049761285991",
      "timestamp": 1720011264496
    },
    {
      "id": "100022477955103",
      "timestamp": 1720108283958
    },
    {
      "id": "100073263397476",
      "timestamp": 1720517613534
    },
    {
      "id": "100077844633223",
      "timestamp": 1720670517920
    },
    {
      "id": "100077938481216",
      "timestamp": 1720714275500
    },
    {
      "id": "100051079221024",
      "timestamp": 1720851433855
    },
    {
      "id": "61558027644664",
      "timestamp": 1720875368063
    },
    {
      "id": "100089451940070",
      "timestamp": 1720876875283
    },
    {
      "id": "100060771549247",
      "timestamp": 1720888758763
    },
    {
      "id": "100082247934659",
      "timestamp": 1721048120542
    },
    {
      "id": "100077817852694",
      "timestamp": 1721052710495
    },
    {
      "id": "100074830520301",
      "timestamp": 1721113633866
    },
    {
      "id": "61561239856207",
      "timestamp": 1721390866717
    },
    {
      "id": "100030115929612",
      "timestamp": 1721401444380
    },
    {
      "id": "100094863244752",
      "timestamp": 1721619852865
    },
    {
      "id": "1270787329",
      "timestamp": 1722316134339
    },
    {
      "id": "61560621212943",
      "timestamp": 1722316134339
    },
    {
      "id": "61554169123882",
      "timestamp": 1722408202915
    },
    {
      "id": "100039215949285",
      "timestamp": 1722818375988
    },
    {
      "id": "100093553573225",
      "timestamp": 1722818375988
    },
    {
      "id": "61561089762121",
      "timestamp": 1722885391118
    },
    {
      "id": "61557171534009",
      "timestamp": 1722926567494
    },
    {
      "id": "100083636272920",
      "timestamp": 1722943292910
    }
  ],
  "history": [
    {
      "action": "add",
      "id": "100075036634225",
      "timestamp": 1719980621589
    },
    {
      "action": "add",
      "id": "100084548652700",
      "timestamp": 1719980621589
    },
    {
      "action": "add",
      "id": "61558027644664",
      "timestamp": 1719980621589
    },
    {
      "action": "add",
      "id": "100081928398400",
      "timestamp": 1719980621589
    },
    {
      "action": "add",
      "id": "100068096370437",
      "timestamp": 1719980621589
    },
    {
      "action": "add",
      "id": "1631016269",
      "timestamp": 1719980621589
    },
    {
      "action": "add",
      "id": "100039215949285",
      "timestamp": 1719980621589
    },
    {
      "action": "add",
      "id": "61558460317418",
      "timestamp": 1719980621589
    },
    {
      "action": "add",
      "id": "100092283487125",
      "timestamp": 1719980621589
    },
    {
      "action": "add",
      "id": "61557158960175",
      "timestamp": 1719980621589
    },
    {
      "action": "add",
      "id": "100060771549247",
      "timestamp": 1719980621589
    },
    {
      "action": "add",
      "id": "1270787329",
      "timestamp": 1719980621589
    },
    {
      "action": "add",
      "id": "100059824713145",
      "timestamp": 1719980621589
    },
    {
      "action": "add",
      "id": "100037211511989",
      "timestamp": 1719980621589
    },
    {
      "action": "add",
      "id": "100060284140698",
      "timestamp": 1719980621589
    },
    {
      "action": "add",
      "id": "100088620981894",
      "timestamp": 1719980621589
    },
    {
      "action": "add",
      "id": "100080900198611",
      "timestamp": 1719980621589
    },
    {
      "action": "add",
      "id": "100072440927920",
      "timestamp": 1719980621589
    },
    {
      "action": "add",
      "id": "100075094142170",
      "timestamp": 1719980621589
    },
    {
      "action": "add",
      "id": "100085600553248",
      "timestamp": 1719980621589
    },
    {
      "action": "add",
      "id": "100035861801856",
      "timestamp": 1719980621589
    },
    {
      "action": "add",
      "id": "61555765495564",
      "timestamp": 1719980621589
    },
    {
      "action": "add",
      "id": "100091936638602",
      "timestamp": 1719980621589
    },
    {
      "action": "add",
      "id": "100039443646033",
      "timestamp": 1719980621589
    },
    {
      "action": "add",
      "id": "100078994639177",
      "timestamp": 1719980621589
    },
    {
      "action": "add",
      "id": "61555825704459",
      "timestamp": 1719980621589
    },
    {
      "action": "add",
      "id": "100094875475136",
      "timestamp": 1719980621589
    },
    {
      "action": "add",
      "id": "61559209312899",
      "timestamp": 1719980621589
    },
    {
      "action": "add",
      "id": "100072749292065",
      "timestamp": 1719980621589
    },
    {
      "action": "add",
      "id": "100071775270602",
      "timestamp": 1719980621589
    },
    {
      "action": "add",
      "id": "100076425588050",
      "timestamp": 1719980621589
    },
    {
      "action": "add",
      "id": "100049761285991",
      "timestamp": 1719980621589
    },
    {
      "action": "add",
      "id": "100072349624656",
      "timestamp": 1719980621589
    },
    {
      "action": "add",
      "id": "100078457833448",
      "timestamp": 1719980621589
    },
    {
      "action": "add",
      "id": "100044781432771",
      "timestamp": 1719980621589
    },
    {
      "action": "add",
      "id": "100054362720975",
      "timestamp": 1719980621589
    },
    {
      "action": "add",
      "id": "100054232657181",
      "timestamp": 1719980621589
    },
    {
      "action": "add",
      "id": "100048379150040",
      "timestamp": 1719980621589
    },
    {
      "action": "add",
      "id": "100078329343657",
      "timestamp": 1719980621589
    },
    {
      "action": "add",
      "id": "100051753033001",
      "timestamp": 1719980621589
    },
    {
      "action": "add",
      "id": "100080896295330",
      "timestamp": 1719980621589
    },
    {
      "action": "add",
      "id": "61552235206515",
      "timestamp": 1719980621589
    },
    {
      "action": "add",
      "id": "100054049234415",
      "timestamp": 1719980621589
    },
    {
      "action": "add",
      "id": "61558892776979",
      "timestamp": 1719980621589
    },
    {
      "action": "add",
      "id": "61561239856207",
      "timestamp": 1719980621589
    },
    {
      "action": "add",
      "id": "100073690334616",
      "timestamp": 1719980621589
    },
    {
      "action": "add",
      "id": "100088378908957",
      "timestamp": 1719980621589
    },
    {
      "action": "add",
      "id": "100049761285991",
      "timestamp": 1720011264496
    },
    {
      "action": "add",
      "id": "61555825704459",
      "timestamp": 1720012932857
    },
    {
      "action": "add",
      "id": "61552178818076",
      "timestamp": 1720061813038
    },
    {
      "action": "add",
      "id": "61552178818076",
      "timestamp": 1720062388257
    },
    {
      "action": "add",
      "id": "100058986092586",
      "timestamp": 1720063575224
    },
    {
      "action": "add",
      "id": "100048695660979",
      "timestamp": 1720072007810
    },
    {
      "action": "add",
      "id": "100022477955103",
      "timestamp": 1720108270900
    },
    {
      "action": "add",
      "id": "100022477955103",
      "timestamp": 1720108283958
    },
    {
      "action": "add",
      "id": "100058986092586",
      "timestamp": 1720344057545
    },
    {
      "action": "add",
      "id": "61561239856207",
      "timestamp": 1720400122690
    },
    {
      "action": "add",
      "id": "61561239856207",
      "timestamp": 1720400126376
    },
    {
      "action": "add",
      "id": "61561239856207",
      "timestamp": 1720400139426
    },
    {
      "action": "add",
      "id": "61561239856207",
      "timestamp": 1720400297415
    },
    {
      "action": "add",
      "id": "61561239856207",
      "timestamp": 1720400314810
    },
    {
      "action": "add",
      "id": "100082998732360",
      "timestamp": 1720456843533
    },
    {
      "action": "add",
      "id": "100073263397476",
      "timestamp": 1720517613534
    },
    {
      "action": "add",
      "id": "100094863244752",
      "timestamp": 1720521214043
    },
    {
      "action": "add",
      "id": "100094863244752",
      "timestamp": 1720543570472
    },
    {
      "action": "add",
      "id": "100085213244229",
      "timestamp": 1720662867082
    },
    {
      "action": "add",
      "id": "100077844633223",
      "timestamp": 1720670517920
    },
    {
      "action": "add",
      "id": "61554169123882",
      "timestamp": 1720676653261
    },
    {
      "action": "add",
      "id": "61555825704459",
      "timestamp": 1720689638104
    },
    {
      "action": "add",
      "id": "100077938481216",
      "timestamp": 1720714275500
    },
    {
      "action": "add",
      "id": "100078457833448",
      "timestamp": 1720803553829
    },
    {
      "action": "add",
      "id": "100078457833448",
      "timestamp": 1720804557781
    },
    {
      "action": "add",
      "id": "61561239856207",
      "timestamp": 1720847961946
    },
    {
      "action": "add",
      "id": "100051079221024",
      "timestamp": 1720851433855
    },
    {
      "action": "add",
      "id": "61561239856207",
      "timestamp": 1720858654799
    },
    {
      "action": "add",
      "id": "100093704476555",
      "timestamp": 1720865961929
    },
    {
      "action": "add",
      "id": "100037211511989",
      "timestamp": 1720866668323
    },
    {
      "action": "add",
      "id": "100081142665122",
      "timestamp": 1720867330358
    },
    {
      "action": "add",
      "id": "61558027644664",
      "timestamp": 1720875368063
    },
    {
      "action": "add",
      "id": "100093704476555",
      "timestamp": 1720876847810
    },
    {
      "action": "add",
      "id": "100089451940070",
      "timestamp": 1720876875283
    },
    {
      "action": "add",
      "id": "100060771549247",
      "timestamp": 1720888745224
    },
    {
      "action": "add",
      "id": "100060771549247",
      "timestamp": 1720888758763
    },
    {
      "action": "add",
      "id": "100054243347954",
      "timestamp": 1720970845782
    },
    {
      "action": "add",
      "id": "100026497862233",
      "timestamp": 1721044512951
    },
    {
      "action": "add",
      "id": "100026497862233",
      "timestamp": 1721045587656
    },
    {
      "action": "add",
      "id": "100068018779072",
      "timestamp": 1721047541075
    },
    {
      "action": "add",
      "id": "100082247934659",
      "timestamp": 1721048120542
    },
    {
      "action": "add",
      "id": "61558569279262",
      "timestamp": 1721049965210
    },
    {
      "action": "add",
      "id": "100069036348344",
      "timestamp": 1721050786984
    },
    {
      "action": "add",
      "id": "100077817852694",
      "timestamp": 1721052710495
    },
    {
      "action": "add",
      "id": "61558569279262",
      "timestamp": 1721057399167
    },
    {
      "action": "add",
      "id": "61558569279262",
      "timestamp": 1721057515696
    },
    {
      "action": "add",
      "id": "61557528245538",
      "timestamp": 1721061655141
    },
    {
      "action": "add",
      "id": "100069036348344",
      "timestamp": 1721096428923
    },
    {
      "action": "add",
      "id": "100074830520301",
      "timestamp": 1721113633866
    },
    {
      "action": "add",
      "id": "100046256258192",
      "timestamp": 1721114036231
    },
    {
      "action": "add",
      "id": "61550481077308",
      "timestamp": 1721114107725
    },
    {
      "action": "add",
      "id": "61550481077308",
      "timestamp": 1721124641973
    },
    {
      "action": "add",
      "id": "61557167676845",
      "timestamp": 1721125098700
    },
    {
      "action": "add",
      "id": "100089718499710",
      "timestamp": 1721126033611
    },
    {
      "action": "add",
      "id": "61557528245538",
      "timestamp": 1721128005917
    },
    {
      "action": "add",
      "id": "100092369736900",
      "timestamp": 1721201431418
    },
    {
      "action": "add",
      "id": "61557167676845",
      "timestamp": 1721213346206
    },
    {
      "action": "add",
      "id": "100069036348344",
      "timestamp": 1721289286372
    },
    {
      "action": "add",
      "id": "100092369736900",
      "timestamp": 1721294004189
    },
    {
      "action": "add",
      "id": "100092369736900",
      "timestamp": 1721294054368
    },
    {
      "action": "add",
      "id": "100037211511989",
      "timestamp": 1721309395564
    },
    {
      "action": "add",
      "id": "100069036348344",
      "timestamp": 1721366800404
    },
    {
      "action": "add",
      "id": "100066400153533",
      "timestamp": 1721377759756
    },
    {
      "action": "add",
      "id": "61561239856207",
      "timestamp": 1721390866717
    },
    {
      "action": "add",
      "id": "100030115929612",
      "timestamp": 1721401444380
    },
    {
      "action": "add",
      "id": "61554169123882",
      "timestamp": 1721468989225
    },
    {
      "action": "add",
      "id": "100075203380840",
      "timestamp": 1721470208355
    },
    {
      "action": "add",
      "id": "100075203380840",
      "timestamp": 1721545240533
    },
    {
      "action": "add",
      "id": "100094863244752",
      "timestamp": 1721572878314
    },
    {
      "action": "add",
      "id": "100094863244752",
      "timestamp": 1721619852865
    },
    {
      "action": "add",
      "id": "100094875475136",
      "timestamp": 1721651377227
    },
    {
      "action": "add",
      "id": "61550044649422",
      "timestamp": 1721838266597
    },
    {
      "action": "add",
      "id": "1270787329",
      "timestamp": 1722316134339
    },
    {
      "action": "add",
      "id": "61560621212943",
      "timestamp": 1722316134339
    },
    {
      "action": "add",
      "id": "61554169123882",
      "timestamp": 1722408202915
    },
    {
      "action": "add",
      "id": "100039215949285",
      "timestamp": 1722818375988
    },
    {
      "action": "add",
      "id": "100093553573225",
      "timestamp": 1722818375988
    },
    {
      "action": "add",
      "id": "61561089762121",
      "timestamp": 1722885391118
    },
    {
      "action": "add",
      "id": "61557171534009",
      "timestamp": 1722926567494
    },
    {
      "action": "add",
      "id": "100083636272920",
      "timestamp": 1722943292910
    },
    {
      "action": "add",
      "id": "61556097603468",
      "timestamp": 1723089909961
    },
    {
      "action": "add",
      "id": "61556097603468",
      "timestamp": 1723095900342
    },
    {
      "action": "add",
      "id": "100048695660979",
      "timestamp": 1723194955086
    }
  ]
}