{
  "user": [
    {
      "id": "100068637307313",
      "timestamp": 1720026001136
    },
    {
      "id": "100044748079584",
      "timestamp": 1720026001136
    },
    {
      "id": "100035049075250",
      "timestamp": 1720026001136
    },
    {
      "id": "100091832221156",
      "timestamp": 1720026001136
    },
    {
      "id": "1631016269",
      "timestamp": 1720026001136
    },
    {
      "id": "100053048481761",
      "timestamp": 1722267528928
    }
  ],
  "history": [
    {
      "action": "add",
      "id": "100068637307313",
      "timestamp": 1720026001136
    },
    {
      "action": "add",
      "id": "100044748079584",
      "timestamp": 1720026001136
    },
    {
      "action": "add",
      "id": "100035049075250",
      "timestamp": 1720026001136
    },
    {
      "action": "add",
      "id": "100091832221156",
      "timestamp": 1720026001136
    },
    {
      "action": "add",
      "id": "100079339675014",
      "timestamp": 1720026001136
    },
    {
      "action": "add",
      "id": "1631016269",
      "timestamp": 1720026001136
    },
    {
      "action": "add",
      "id": "100068096370437",
      "timestamp": 1720026001136
    },
    {
      "action": "add",
      "id": "100053048481761",
      "timestamp": 1722267528928
    }
  ]
}