{
  "user": [
    {
      "id": "61557813833441",
      "timestamp": 1720887491337
    },
    {
      "id": "61555420085495",
      "timestamp": 1720887491337
    },
    {
      "id": "100068096370437",
      "timestamp": 1720887491337
    },
    {
      "id": "1631016269",
      "timestamp": 1720887491337
    }
  ],
  "history": [
    {
      "action": "add",
      "id": "61560384502546",
      "timestamp": 1720887491337
    },
    {
      "action": "add",
      "id": "100074125147132",
      "timestamp": 1720887491337
    },
    {
      "action": "add",
      "id": "61557813833441",
      "timestamp": 1720887491337
    },
    {
      "action": "add",
      "id": "100091730456640",
      "timestamp": 1720887491337
    },
    {
      "action": "add",
      "id": "61555420085495",
      "timestamp": 1720887491337
    },
    {
      "action": "add",
      "id": "100095215624106",
      "timestamp": 1720887491337
    },
    {
      "action": "add",
      "id": "100068096370437",
      "timestamp": 1720887491337
    },
    {
      "action": "add",
      "id": "1631016269",
      "timestamp": 1720887491337
    }
  ]
}