{
  "user": [
    {
      "id": "100068096370437",
      "timestamp": 1720407657674
    },
    {
      "id": "100089833719568",
      "timestamp": 1720407657674
    },
    {
      "id": "1631016269",
      "timestamp": 1720407657674
    }
  ],
  "history": [
    {
      "action": "add",
      "id": "100068096370437",
      "timestamp": 1720407657674
    },
    {
      "action": "add",
      "id": "100089833719568",
      "timestamp": 1720407657674
    },
    {
      "action": "add",
      "id": "1631016269",
      "timestamp": 1720407657674
    }
  ]
}