{
  "user": [
    {
      "id": "100063880865124",
      "timestamp": 1721214164084
    },
    {
      "id": "61554422464093",
      "timestamp": 1721214164084
    },
    {
      "id": "100094479271340",
      "timestamp": 1721214164084
    },
    {
      "id": "100067234121647",
      "timestamp": 1721214164084
    },
    {
      "id": "100024465962150",
      "timestamp": 1721214164085
    },
    {
      "id": "61552412787908",
      "timestamp": 1721214164085
    },
    {
      "id": "100052190333414",
      "timestamp": 1721214164085
    },
    {
      "id": "100068096370437",
      "timestamp": 1721214164085
    },
    {
      "id": "1631016269",
      "timestamp": 1721214164085
    },
    {
      "id": "100049012998491",
      "timestamp": 1721217789053
    },
    {
      "id": "100087657738369",
      "timestamp": 1721218998186
    },
    {
      "id": "100077631264036",
      "timestamp": 1721219090176
    },
    {
      "id": "100087375139955",
      "timestamp": 1721219817326
    },
    {
      "id": "61561136880307",
      "timestamp": 1721220017179
    },
    {
      "id": "100043859134418",
      "timestamp": 1721222251684
    },
    {
      "id": "100072188613018",
      "timestamp": 1721230441944
    },
    {
      "id": "100079198551953",
      "timestamp": 1721234530752
    },
    {
      "id": "100087010269641",
      "timestamp": 1721544642079
    },
    {
      "id": "100028397385279",
      "timestamp": 1721544642079
    },
    {
      "id": "100090917863100",
      "timestamp": 1721544642079
    },
    {
      "id": "100031795337014",
      "timestamp": 1721544642080
    },
    {
      "id": "100014527232300",
      "timestamp": 1721544642080
    },
    {
      "id": "61550031016506",
      "timestamp": 1721544642080
    },
    {
      "id": "100089566287659",
      "timestamp": 1721544642080
    },
    {
      "id": "100073940274591",
      "timestamp": 1721603697266
    },
    {
      "id": "100026253081266",
      "timestamp": 1721565016839
    },
    {
      "id": "100025277491925",
      "timestamp": 1721565319248
    },
    {
      "id": "100037800411845",
      "timestamp": 1721565712541
    },
    {
      "id": "100076976080919",
      "timestamp": 1721568153073
    },
    {
      "id": "61552539097943",
      "timestamp": 1721572292269
    },
    {
      "id": "100017807776188",
      "timestamp": 1721650046794
    },
    {
      "id": "100071810295610",
      "timestamp": 1721748699792
    },
    {
      "id": "61558600847490",
      "timestamp": 1721901837572
    },
    {
      "id": "100000526544566",
      "timestamp": 1721902251294
    },
    {
      "id": "61550526239803",
      "timestamp": 1721907113706
    },
    {
      "id": "100095261559244",
      "timestamp": 1721927984565
    },
    {
      "id": "100050069161054",
      "timestamp": 1722019751807
    },
    {
      "id": "100094273635754",
      "timestamp": 1722093287409
    },
    {
      "id": "100084343841553",
      "timestamp": 1722106380234
    },
    {
      "id": "61562842630689",
      "timestamp": 1722166749368
    },
    {
      "id": "100064125812752",
      "timestamp": 1722218248349
    },
    {
      "id": "100044487211982",
      "timestamp": 1722259658253
    },
    {
      "id": "100095199494735",
      "timestamp": 1722260538473
    },
    {
      "id": "61557833100565",
      "timestamp": 1722262728808
    },
    {
      "id": "100064630164590",
      "timestamp": 1722312736893
    },
    {
      "id": "100089566182713",
      "timestamp": 1722318024020
    },
    {
      "id": "100082099711264",
      "timestamp": 1722407774675
    },
    {
      "id": "100091298093054",
      "timestamp": 1722408346144
    },
    {
      "id": "100078987036316",
      "timestamp": 1722832644396
    },
    {
      "id": "100069056463588",
      "timestamp": 1722832644396
    },
    {
      "id": "100073689097572",
      "timestamp": 1722832644396
    },
    {
      "id": "100010815753018",
      "timestamp": 1722832644396
    },
    {
      "id": "61560451996664",
      "timestamp": 1722832644396
    },
    {
      "id": "61561502795052",
      "timestamp": 1722832644396
    },
    {
      "id": "100084131198687",
      "timestamp": 1722879925324
    },
    {
      "id": "61563661238862",
      "timestamp": 1722968338380
    },
    {
      "id": "1270787329",
      "timestamp": 1723024169043
    },
    {
      "id": "100093274865247",
      "timestamp": 1723138223606
    }
  ],
  "history": [
    {
      "action": "add",
      "id": "100063880865124",
      "timestamp": 1721214164084
    },
    {
      "action": "add",
      "id": "61554422464093",
      "timestamp": 1721214164084
    },
    {
      "action": "add",
      "id": "100094479271340",
      "timestamp": 1721214164084
    },
    {
      "action": "add",
      "id": "100017807776188",
      "timestamp": 1721214164084
    },
    {
      "action": "add",
      "id": "100064125812752",
      "timestamp": 1721214164084
    },
    {
      "action": "add",
      "id": "100067234121647",
      "timestamp": 1721214164084
    },
    {
      "action": "add",
      "id": "100071810295610",
      "timestamp": 1721214164084
    },
    {
      "action": "add",
      "id": "100076976080919",
      "timestamp": 1721214164084
    },
    {
      "action": "add",
      "id": "100026253081266",
      "timestamp": 1721214164084
    },
    {
      "action": "add",
      "id": "100024465962150",
      "timestamp": 1721214164085
    },
    {
      "action": "add",
      "id": "100073940274591",
      "timestamp": 1721214164085
    },
    {
      "action": "add",
      "id": "100089223917745",
      "timestamp": 1721214164085
    },
    {
      "action": "add",
      "id": "100091986315803",
      "timestamp": 1721214164085
    },
    {
      "action": "add",
      "id": "100067145224743",
      "timestamp": 1721214164085
    },
    {
      "action": "add",
      "id": "100093433714731",
      "timestamp": 1721214164085
    },
    {
      "action": "add",
      "id": "100009380724232",
      "timestamp": 1721214164085
    },
    {
      "action": "add",
      "id": "100073112392193",
      "timestamp": 1721214164085
    },
    {
      "action": "add",
      "id": "61552412787908",
      "timestamp": 1721214164085
    },
    {
      "action": "add",
      "id": "100052190333414",
      "timestamp": 1721214164085
    },
    {
      "action": "add",
      "id": "100083471861538",
      "timestamp": 1721214164085
    },
    {
      "action": "add",
      "id": "61556582185471",
      "timestamp": 1721214164085
    },
    {
      "action": "add",
      "id": "100086757073638",
      "timestamp": 1721214164085
    },
    {
      "action": "add",
      "id": "100007625895188",
      "timestamp": 1721214164085
    },
    {
      "action": "add",
      "id": "100094273635754",
      "timestamp": 1721214164085
    },
    {
      "action": "add",
      "id": "100092245510045",
      "timestamp": 1721214164085
    },
    {
      "action": "add",
      "id": "61556662599219",
      "timestamp": 1721214164085
    },
    {
      "action": "add",
      "id": "61552539097943",
      "timestamp": 1721214164085
    },
    {
      "action": "add",
      "id": "100079198551953",
      "timestamp": 1721214164085
    },
    {
      "action": "add",
      "id": "100068096370437",
      "timestamp": 1721214164085
    },
    {
      "action": "add",
      "id": "1631016269",
      "timestamp": 1721214164085
    },
    {
      "action": "add",
      "id": "100049012998491",
      "timestamp": 1721217789053
    },
    {
      "action": "add",
      "id": "100087657738369",
      "timestamp": 1721218998186
    },
    {
      "action": "add",
      "id": "100077631264036",
      "timestamp": 1721219090176
    },
    {
      "action": "add",
      "id": "100023794421964",
      "timestamp": 1721219537686
    },
    {
      "action": "add",
      "id": "100071703875284",
      "timestamp": 1721219817326
    },
    {
      "action": "add",
      "id": "100087375139955",
      "timestamp": 1721219817326
    },
    {
      "action": "add",
      "id": "61561136880307",
      "timestamp": 1721220017179
    },
    {
      "action": "add",
      "id": "100054006182065",
      "timestamp": 1721222251684
    },
    {
      "action": "add",
      "id": "100043859134418",
      "timestamp": 1721222251684
    },
    {
      "action": "add",
      "id": "100094572204036",
      "timestamp": 1721222251684
    },
    {
      "action": "add",
      "id": "100015695770774",
      "timestamp": 1721222251684
    },
    {
      "action": "add",
      "id": "100080929621053",
      "timestamp": 1721223430957
    },
    {
      "action": "add",
      "id": "100009380724232",
      "timestamp": 1721228005114
    },
    {
      "action": "add",
      "id": "100072188613018",
      "timestamp": 1721230441944
    },
    {
      "action": "add",
      "id": "100079198551953",
      "timestamp": 1721234530752
    },
    {
      "action": "add",
      "id": "100017807776188",
      "timestamp": 1721234715727
    },
    {
      "action": "add",
      "id": "100017807776188",
      "timestamp": 1721234775611
    },
    {
      "action": "add",
      "id": "61551117177739",
      "timestamp": 1721239238589
    },
    {
      "action": "add",
      "id": "61551677950939",
      "timestamp": 1721252235291
    },
    {
      "action": "add",
      "id": "61552539097943",
      "timestamp": 1721289683691
    },
    {
      "action": "add",
      "id": "61558817584723",
      "timestamp": 1721544642079
    },
    {
      "action": "add",
      "id": "100088165688857",
      "timestamp": 1721544642079
    },
    {
      "action": "add",
      "id": "100067242443758",
      "timestamp": 1721544642079
    },
    {
      "action": "add",
      "id": "100037801050139",
      "timestamp": 1721544642079
    },
    {
      "action": "add",
      "id": "100087010269641",
      "timestamp": 1721544642079
    },
    {
      "action": "add",
      "id": "100028397385279",
      "timestamp": 1721544642079
    },
    {
      "action": "add",
      "id": "100037800411845",
      "timestamp": 1721544642079
    },
    {
      "action": "add",
      "id": "100090917863100",
      "timestamp": 1721544642079
    },
    {
      "action": "add",
      "id": "100039912793581",
      "timestamp": 1721544642079
    },
    {
      "action": "add",
      "id": "61552539097943",
      "timestamp": 1721544642080
    },
    {
      "action": "add",
      "id": "100031795337014",
      "timestamp": 1721544642080
    },
    {
      "action": "add",
      "id": "100070331044859",
      "timestamp": 1721544642080
    },
    {
      "action": "add",
      "id": "100014527232300",
      "timestamp": 1721544642080
    },
    {
      "action": "add",
      "id": "100025277491925",
      "timestamp": 1721544642080
    },
    {
      "action": "add",
      "id": "100090455580854",
      "timestamp": 1721544642080
    },
    {
      "action": "add",
      "id": "100027779023465",
      "timestamp": 1721544642080
    },
    {
      "action": "add",
      "id": "61550031016506",
      "timestamp": 1721544642080
    },
    {
      "action": "add",
      "id": "100089566287659",
      "timestamp": 1721544642080
    },
    {
      "action": "add",
      "id": "100089347983389",
      "timestamp": 1721544642080
    },
    {
      "action": "add",
      "id": "100091489980803",
      "timestamp": 1721544642080
    },
    {
      "action": "add",
      "id": "100089375657569",
      "timestamp": 1721544642080
    },
    {
      "action": "add",
      "id": "61560449908730",
      "timestamp": 1721544642080
    },
    {
      "action": "add",
      "id": "100093105079400",
      "timestamp": 1721544642080
    },
    {
      "action": "add",
      "id": "61559247355381",
      "timestamp": 1721544642080
    },
    {
      "action": "add",
      "id": "100074535837768",
      "timestamp": 1721544642080
    },
    {
      "action": "add",
      "id": "100011008262890",
      "timestamp": 1721544642080
    },
    {
      "action": "add",
      "id": "100073940274591",
      "timestamp": 1721603697266
    },
    {
      "action": "add",
      "id": "61556582185471",
      "timestamp": 1721604573744
    },
    {
      "action": "add",
      "id": "61556582185471",
      "timestamp": 1721604582739
    },
    {
      "action": "add",
      "id": "61556582185471",
      "timestamp": 1721604705527
    },
    {
      "action": "add",
      "id": "61556582185471",
      "timestamp": 1721606140406
    },
    {
      "action": "add",
      "id": "100090135402532",
      "timestamp": 1721607005658
    },
    {
      "action": "add",
      "id": "100057237756812",
      "timestamp": 1721564029501
    },
    {
      "action": "add",
      "id": "100026253081266",
      "timestamp": 1721565016839
    },
    {
      "action": "add",
      "id": "100071810295610",
      "timestamp": 1721565016839
    },
    {
      "action": "add",
      "id": "100025277491925",
      "timestamp": 1721565319248
    },
    {
      "action": "add",
      "id": "100023219993446",
      "timestamp": 1721565631354
    },
    {
      "action": "add",
      "id": "100037800411845",
      "timestamp": 1721565712541
    },
    {
      "action": "add",
      "id": "100027779023465",
      "timestamp": 1721565898653
    },
    {
      "action": "add",
      "id": "100009380724232",
      "timestamp": 1721565964130
    },
    {
      "action": "add",
      "id": "100037801050139",
      "timestamp": 1721566036742
    },
    {
      "action": "add",
      "id": "100088165688857",
      "timestamp": 1721566045722
    },
    {
      "action": "add",
      "id": "100067242443758",
      "timestamp": 1721566140326
    },
    {
      "action": "add",
      "id": "100039912793581",
      "timestamp": 1721566431296
    },
    {
      "action": "add",
      "id": "100091986315803",
      "timestamp": 1721567156118
    },
    {
      "action": "add",
      "id": "100076976080919",
      "timestamp": 1721568153073
    },
    {
      "action": "add",
      "id": "61558817584723",
      "timestamp": 1721569355967
    },
    {
      "action": "add",
      "id": "61552539097943",
      "timestamp": 1721572292269
    },
    {
      "action": "add",
      "id": "100089347983389",
      "timestamp": 1721579774086
    },
    {
      "action": "add",
      "id": "100091489980803",
      "timestamp": 1721586642055
    },
    {
      "action": "add",
      "id": "100090455580854",
      "timestamp": 1721648633702
    },
    {
      "action": "add",
      "id": "100090455580854",
      "timestamp": 1721648991935
    },
    {
      "action": "add",
      "id": "100090455580854",
      "timestamp": 1721649311654
    },
    {
      "action": "add",
      "id": "100017807776188",
      "timestamp": 1721650046794
    },
    {
      "action": "add",
      "id": "100090455580854",
      "timestamp": 1721651476089
    },
    {
      "action": "add",
      "id": "100089347983389",
      "timestamp": 1721651910954
    },
    {
      "action": "add",
      "id": "100083471861538",
      "timestamp": 1721675767890
    },
    {
      "action": "add",
      "id": "61560115661360",
      "timestamp": 1721710754916
    },
    {
      "action": "add",
      "id": "61559482179358",
      "timestamp": 1721745599759
    },
    {
      "action": "add",
      "id": "100071810295610",
      "timestamp": 1721748699792
    },
    {
      "action": "add",
      "id": "100094273635754",
      "timestamp": 1721758302925
    },
    {
      "action": "add",
      "id": "61558600847490",
      "timestamp": 1721901837572
    },
    {
      "action": "add",
      "id": "100000526544566",
      "timestamp": 1721902251294
    },
    {
      "action": "add",
      "id": "100057621151435",
      "timestamp": 1721902558526
    },
    {
      "action": "add",
      "id": "61554836271798",
      "timestamp": 1721903982760
    },
    {
      "action": "add",
      "id": "100066987530848",
      "timestamp": 1721904547447
    },
    {
      "action": "add",
      "id": "100091701971297",
      "timestamp": 1721904738373
    },
    {
      "action": "add",
      "id": "61558988982045",
      "timestamp": 1721904831281
    },
    {
      "action": "add",
      "id": "61556393910574",
      "timestamp": 1721904875266
    },
    {
      "action": "add",
      "id": "61563427677358",
      "timestamp": 1721905846505
    },
    {
      "action": "add",
      "id": "61550526239803",
      "timestamp": 1721907113706
    },
    {
      "action": "add",
      "id": "100046198657304",
      "timestamp": 1721907324830
    },
    {
      "action": "add",
      "id": "100010711831197",
      "timestamp": 1721910586347
    },
    {
      "action": "add",
      "id": "61563009565578",
      "timestamp": 1721913211583
    },
    {
      "action": "add",
      "id": "100095261559244",
      "timestamp": 1721927984565
    },
    {
      "action": "add",
      "id": "100077400416030",
      "timestamp": 1721928065137
    },
    {
      "action": "add",
      "id": "100045586112312",
      "timestamp": 1721968257434
    },
    {
      "action": "add",
      "id": "100024567768830",
      "timestamp": 1722001937829
    },
    {
      "action": "add",
      "id": "100022657963743",
      "timestamp": 1722001937829
    },
    {
      "action": "add",
      "id": "61552986909131",
      "timestamp": 1722001937829
    },
    {
      "action": "add",
      "id": "100015588704609",
      "timestamp": 1722001937829
    },
    {
      "action": "add",
      "id": "100081044877930",
      "timestamp": 1722001937829
    },
    {
      "action": "add",
      "id": "100054950012366",
      "timestamp": 1722014064445
    },
    {
      "action": "add",
      "id": "100050069161054",
      "timestamp": 1722019751807
    },
    {
      "action": "add",
      "id": "100054950012366",
      "timestamp": 1722019761142
    },
    {
      "action": "add",
      "id": "100056061186026",
      "timestamp": 1722079191813
    },
    {
      "action": "add",
      "id": "100094273635754",
      "timestamp": 1722091743991
    },
    {
      "action": "add",
      "id": "100094273635754",
      "timestamp": 1722093287409
    },
    {
      "action": "add",
      "id": "100084343841553",
      "timestamp": 1722106380234
    },
    {
      "action": "add",
      "id": "100089575994380",
      "timestamp": 1722161895342
    },
    {
      "action": "add",
      "id": "61562842630689",
      "timestamp": 1722166749368
    },
    {
      "action": "add",
      "id": "100045586112312",
      "timestamp": 1722189683492
    },
    {
      "action": "add",
      "id": "100045586112312",
      "timestamp": 1722189695997
    },
    {
      "action": "add",
      "id": "100045586112312",
      "timestamp": 1722189720305
    },
    {
      "action": "add",
      "id": "100064125812752",
      "timestamp": 1722218248349
    },
    {
      "action": "add",
      "id": "100084559777463",
      "timestamp": 1722259381600
    },
    {
      "action": "add",
      "id": "100070158285420",
      "timestamp": 1722259585262
    },
    {
      "action": "add",
      "id": "100044487211982",
      "timestamp": 1722259658253
    },
    {
      "action": "add",
      "id": "100095199494735",
      "timestamp": 1722260538473
    },
    {
      "action": "add",
      "id": "61557833100565",
      "timestamp": 1722262728808
    },
    {
      "action": "add",
      "id": "100016856342666",
      "timestamp": 1722262761768
    },
    {
      "action": "add",
      "id": "100058560194745",
      "timestamp": 1722262860124
    },
    {
      "action": "add",
      "id": "100090228653300",
      "timestamp": 1722264840385
    },
    {
      "action": "add",
      "id": "100055666478022",
      "timestamp": 1722269274307
    },
    {
      "action": "add",
      "id": "100076348240771",
      "timestamp": 1722269786019
    },
    {
      "action": "add",
      "id": "100079110566682",
      "timestamp": 1722273148008
    },
    {
      "action": "add",
      "id": "100036412783423",
      "timestamp": 1722273534432
    },
    {
      "action": "add",
      "id": "100087713117529",
      "timestamp": 1722273630739
    },
    {
      "action": "add",
      "id": "100036412783423",
      "timestamp": 1722280142594
    },
    {
      "action": "add",
      "id": "100057237756812",
      "timestamp": 1722307924697
    },
    {
      "action": "add",
      "id": "100064630164590",
      "timestamp": 1722312736893
    },
    {
      "action": "add",
      "id": "61552077161921",
      "timestamp": 1722317502147
    },
    {
      "action": "add",
      "id": "100084104376484",
      "timestamp": 1722317502147
    },
    {
      "action": "add",
      "id": "100089566182713",
      "timestamp": 1722318024020
    },
    {
      "action": "add",
      "id": "100030413420064",
      "timestamp": 1722318435044
    },
    {
      "action": "add",
      "id": "100091746454027",
      "timestamp": 1722318904737
    },
    {
      "action": "add",
      "id": "61552077161921",
      "timestamp": 1722324628654
    },
    {
      "action": "add",
      "id": "100080918803761",
      "timestamp": 1722328033335
    },
    {
      "action": "add",
      "id": "61559311289429",
      "timestamp": 1722328863769
    },
    {
      "action": "add",
      "id": "100089603771191",
      "timestamp": 1722342962004
    },
    {
      "action": "add",
      "id": "100092484434853",
      "timestamp": 1722343096863
    },
    {
      "action": "add",
      "id": "61553141018496",
      "timestamp": 1722350304830
    },
    {
      "action": "add",
      "id": "100089603771191",
      "timestamp": 1722373865357
    },
    {
      "action": "add",
      "id": "61550005002443",
      "timestamp": 1722407275509
    },
    {
      "action": "add",
      "id": "100067324651096",
      "timestamp": 1722407774675
    },
    {
      "action": "add",
      "id": "100079951185571",
      "timestamp": 1722407774675
    },
    {
      "action": "add",
      "id": "100082099711264",
      "timestamp": 1722407774675
    },
    {
      "action": "add",
      "id": "100091298093054",
      "timestamp": 1722408346144
    },
    {
      "action": "add",
      "id": "100090759506603",
      "timestamp": 1722410528662
    },
    {
      "action": "add",
      "id": "100093641114742",
      "timestamp": 1722410590591
    },
    {
      "action": "add",
      "id": "61553141018496",
      "timestamp": 1722429359532
    },
    {
      "action": "add",
      "id": "100030332592348",
      "timestamp": 1722431538451
    },
    {
      "action": "add",
      "id": "100036127152087",
      "timestamp": 1722431634794
    },
    {
      "action": "add",
      "id": "61553141018496",
      "timestamp": 1722431754113
    },
    {
      "action": "add",
      "id": "100078987036316",
      "timestamp": 1722832644396
    },
    {
      "action": "add",
      "id": "100080729895297",
      "timestamp": 1722832644396
    },
    {
      "action": "add",
      "id": "100069056463588",
      "timestamp": 1722832644396
    },
    {
      "action": "add",
      "id": "100073689097572",
      "timestamp": 1722832644396
    },
    {
      "action": "add",
      "id": "100084131198687",
      "timestamp": 1722832644396
    },
    {
      "action": "add",
      "id": "100010815753018",
      "timestamp": 1722832644396
    },
    {
      "action": "add",
      "id": "61560451996664",
      "timestamp": 1722832644396
    },
    {
      "action": "add",
      "id": "61561502795052",
      "timestamp": 1722832644396
    },
    {
      "action": "add",
      "id": "100084131198687",
      "timestamp": 1722879925324
    },
    {
      "action": "add",
      "id": "100080729895297",
      "timestamp": 1722938657484
    },
    {
      "action": "add",
      "id": "61563661238862",
      "timestamp": 1722968338380
    },
    {
      "action": "add",
      "id": "1270787329",
      "timestamp": 1723024169043
    },
    {
      "action": "add",
      "id": "100093641114742",
      "timestamp": 1723095298576
    },
    {
      "action": "add",
      "id": "100093274865247",
      "timestamp": 1723138223606
    }
  ]
}