{
  "user": [
    {
      "id": "61557176277015",
      "timestamp": 1720026001318
    },
    {
      "id": "61558488083272",
      "timestamp": 1720026001318
    },
    {
      "id": "1631016269",
      "timestamp": 1720026001318
    },
    {
      "id": "100083343233616",
      "timestamp": 1720026001318
    }
  ],
  "history": [
    {
      "action": "add",
      "id": "61557176277015",
      "timestamp": 1720026001318
    },
    {
      "action": "add",
      "id": "61558488083272",
      "timestamp": 1720026001318
    },
    {
      "action": "add",
      "id": "1631016269",
      "timestamp": 1720026001318
    },
    {
      "action": "add",
      "id": "100068096370437",
      "timestamp": 1720026001318
    },
    {
      "action": "add",
      "id": "100083343233616",
      "timestamp": 1720026001318
    }
  ]
}