{
  "user": [
    {
      "id": "100038264672271",
      "timestamp": 1719979800555
    },
    {
      "id": "61557451156421",
      "timestamp": 1719979800555
    },
    {
      "id": "100048732350060",
      "timestamp": 1719979800555
    },
    {
      "id": "100092394335522",
      "timestamp": 1719979800555
    },
    {
      "id": "100068096370437",
      "timestamp": 1719979800555
    },
    {
      "id": "1631016269",
      "timestamp": 1719979800555
    },
    {
      "id": "61554026141119",
      "timestamp": 1719979800555
    },
    {
      "id": "100063494780152",
      "timestamp": 1719979800555
    },
    {
      "id": "61558483854315",
      "timestamp": 1719979800555
    },
    {
      "id": "100090456481059",
      "timestamp": 1719979800555
    },
    {
      "id": "100094751913187",
      "timestamp": 1719979800555
    },
    {
      "id": "100020080218581",
      "timestamp": 1720362411404
    },
    {
      "id": "100093870957525",
      "timestamp": 1720676936911
    },
    {
      "id": "100088836529030",
      "timestamp": 1720698614225
    },
    {
      "id": "100080176549210",
      "timestamp": 1720705711571
    },
    {
      "id": "61551798420455",
      "timestamp": 1721046086595
    },
    {
      "id": "100082049492747",
      "timestamp": 1721052107050
    },
    {
      "id": "100093617156092",
      "timestamp": 1721193531940
    },
    {
      "id": "61560642807352",
      "timestamp": 1721544646816
    },
    {
      "id": "61550877561870",
      "timestamp": 1721544646816
    },
    {
      "id": "61562105772487",
      "timestamp": 1721657164224
    },
    {
      "id": "100075624125533",
      "timestamp": 1722166748701
    },
    {
      "id": "100049012998491",
      "timestamp": 1722173728015
    },
    {
      "id": "100087554929691",
      "timestamp": 1722332178229
    },
    {
      "id": "61552078566953",
      "timestamp": 1722832654001
    },
    {
      "id": "61554508231138",
      "timestamp": 1722832654001
    },
    {
      "id": "61563425472680",
      "timestamp": 1722832654001
    },
    {
      "id": "61557703283982",
      "timestamp": 1722832654001
    },
    {
      "id": "100081913836522",
      "timestamp": 1722832654001
    },
    {
      "id": "61559973937269",
      "timestamp": 1722832654001
    },
    {
      "id": "100089533309155",
      "timestamp": 1722834757625
    },
    {
      "id": "100023794421964",
      "timestamp": 1722911817264
    },
    {
      "id": "61556937037064",
      "timestamp": 1722940786765
    },
    {
      "id": "100056844904165",
      "timestamp": 1722940850371
    },
    {
      "id": "100081874894784",
      "timestamp": 1723045117699
    },
    {
      "id": "61562106502403",
      "timestamp": 1723045117699
    },
    {
      "id": "100088879905802",
      "timestamp": 1723076829636
    },
    {
      "id": "100077631264036",
      "timestamp": 1723094011081
    },
    {
      "id": "100077723714245",
      "timestamp": 1723094011081
    },
    {
      "id": "61550503082873",
      "timestamp": 1723122906499
    },
    {
      "id": "100088526307110",
      "timestamp": 1723199361288
    }
  ],
  "history": [
    {
      "action": "add",
      "id": "100038264672271",
      "timestamp": 1719979800555
    },
    {
      "action": "add",
      "id": "61557451156421",
      "timestamp": 1719979800555
    },
    {
      "action": "add",
      "id": "100080176549210",
      "timestamp": 1719979800555
    },
    {
      "action": "add",
      "id": "100048732350060",
      "timestamp": 1719979800555
    },
    {
      "action": "add",
      "id": "100092394335522",
      "timestamp": 1719979800555
    },
    {
      "action": "add",
      "id": "100068096370437",
      "timestamp": 1719979800555
    },
    {
      "action": "add",
      "id": "1631016269",
      "timestamp": 1719979800555
    },
    {
      "action": "add",
      "id": "100090287364120",
      "timestamp": 1719979800555
    },
    {
      "action": "add",
      "id": "100088526307110",
      "timestamp": 1719979800555
    },
    {
      "action": "add",
      "id": "100087554929691",
      "timestamp": 1719979800555
    },
    {
      "action": "add",
      "id": "100093870957525",
      "timestamp": 1719979800555
    },
    {
      "action": "add",
      "id": "61554026141119",
      "timestamp": 1719979800555
    },
    {
      "action": "add",
      "id": "61560642807352",
      "timestamp": 1719979800555
    },
    {
      "action": "add",
      "id": "100063494780152",
      "timestamp": 1719979800555
    },
    {
      "action": "add",
      "id": "61558483854315",
      "timestamp": 1719979800555
    },
    {
      "action": "add",
      "id": "100090456481059",
      "timestamp": 1719979800555
    },
    {
      "action": "add",
      "id": "100049012998491",
      "timestamp": 1719979800555
    },
    {
      "action": "add",
      "id": "100077723714245",
      "timestamp": 1719979800555
    },
    {
      "action": "add",
      "id": "100082049492747",
      "timestamp": 1719979800555
    },
    {
      "action": "add",
      "id": "100093617156092",
      "timestamp": 1719979800555
    },
    {
      "action": "add",
      "id": "100094751913187",
      "timestamp": 1719979800555
    },
    {
      "action": "add",
      "id": "100074060527114",
      "timestamp": 1719979800555
    },
    {
      "action": "add",
      "id": "100023794421964",
      "timestamp": 1719979800555
    },
    {
      "action": "add",
      "id": "100088836529030",
      "timestamp": 1719979800555
    },
    {
      "action": "add",
      "id": "61554088165287",
      "timestamp": 1719979800555
    },
    {
      "action": "add",
      "id": "100081166651138",
      "timestamp": 1720090683000
    },
    {
      "action": "add",
      "id": "100020080218581",
      "timestamp": 1720362411404
    },
    {
      "action": "add",
      "id": "100077723714245",
      "timestamp": 1720362822036
    },
    {
      "action": "add",
      "id": "100077723714245",
      "timestamp": 1720434074651
    },
    {
      "action": "add",
      "id": "100039272104901",
      "timestamp": 1720662543916
    },
    {
      "action": "add",
      "id": "100036907447768",
      "timestamp": 1720662543916
    },
    {
      "action": "add",
      "id": "100087017304073",
      "timestamp": 1720666948265
    },
    {
      "action": "add",
      "id": "100055489820530",
      "timestamp": 1720667041153
    },
    {
      "action": "add",
      "id": "100075065512512",
      "timestamp": 1720667406039
    },
    {
      "action": "add",
      "id": "100069450503617",
      "timestamp": 1720669973276
    },
    {
      "action": "add",
      "id": "100093870957525",
      "timestamp": 1720676936911
    },
    {
      "action": "add",
      "id": "100088836529030",
      "timestamp": 1720698614225
    },
    {
      "action": "add",
      "id": "100080176549210",
      "timestamp": 1720701112686
    },
    {
      "action": "add",
      "id": "100080176549210",
      "timestamp": 1720705711571
    },
    {
      "action": "add",
      "id": "100077631264036",
      "timestamp": 1720712659164
    },
    {
      "action": "add",
      "id": "100087822595935",
      "timestamp": 1720763330407
    },
    {
      "action": "add",
      "id": "100077631264036",
      "timestamp": 1720763495119
    },
    {
      "action": "add",
      "id": "61557166150030",
      "timestamp": 1720858189558
    },
    {
      "action": "add",
      "id": "61552803991708",
      "timestamp": 1720864256235
    },
    {
      "action": "add",
      "id": "100049012998491",
      "timestamp": 1720867471607
    },
    {
      "action": "add",
      "id": "61561776129240",
      "timestamp": 1720870515789
    },
    {
      "action": "add",
      "id": "100093617156092",
      "timestamp": 1720885810084
    },
    {
      "action": "add",
      "id": "100090287364120",
      "timestamp": 1720886267967
    },
    {
      "action": "add",
      "id": "100075624125533",
      "timestamp": 1720995513440
    },
    {
      "action": "add",
      "id": "61560050439053",
      "timestamp": 1720995789955
    },
    {
      "action": "add",
      "id": "100082998346219",
      "timestamp": 1720995855985
    },
    {
      "action": "add",
      "id": "61556279256910",
      "timestamp": 1720996321888
    },
    {
      "action": "add",
      "id": "61553037226143",
      "timestamp": 1720999827393
    },
    {
      "action": "add",
      "id": "100090438733490",
      "timestamp": 1721000594376
    },
    {
      "action": "add",
      "id": "100053265888538",
      "timestamp": 1721000731220
    },
    {
      "action": "add",
      "id": "61553917960397",
      "timestamp": 1721001725393
    },
    {
      "action": "add",
      "id": "100084363521780",
      "timestamp": 1721010421120
    },
    {
      "action": "add",
      "id": "100073482175801",
      "timestamp": 1721010561468
    },
    {
      "action": "add",
      "id": "100092659726597",
      "timestamp": 1721033258374
    },
    {
      "action": "add",
      "id": "100052656091301",
      "timestamp": 1721041783868
    },
    {
      "action": "add",
      "id": "61551798420455",
      "timestamp": 1721046086595
    },
    {
      "action": "add",
      "id": "100082049492747",
      "timestamp": 1721052107050
    },
    {
      "action": "add",
      "id": "100069837741149",
      "timestamp": 1721055146811
    },
    {
      "action": "add",
      "id": "100049012998491",
      "timestamp": 1721056147931
    },
    {
      "action": "add",
      "id": "100074060527114",
      "timestamp": 1721065439148
    },
    {
      "action": "add",
      "id": "100007232460247",
      "timestamp": 1721099532072
    },
    {
      "action": "add",
      "id": "100088526307110",
      "timestamp": 1721106006064
    },
    {
      "action": "add",
      "id": "61557166150030",
      "timestamp": 1721134350805
    },
    {
      "action": "add",
      "id": "100093617156092",
      "timestamp": 1721193531940
    },
    {
      "action": "add",
      "id": "100035552183991",
      "timestamp": 1721544646816
    },
    {
      "action": "add",
      "id": "61560642807352",
      "timestamp": 1721544646816
    },
    {
      "action": "add",
      "id": "61550877561870",
      "timestamp": 1721544646816
    },
    {
      "action": "add",
      "id": "61560419577369",
      "timestamp": 1721544646816
    },
    {
      "action": "add",
      "id": "61556913972198",
      "timestamp": 1721544646816
    },
    {
      "action": "add",
      "id": "100089276316875",
      "timestamp": 1721544646816
    },
    {
      "action": "add",
      "id": "100078608241920",
      "timestamp": 1721567401642
    },
    {
      "action": "add",
      "id": "100049012998491",
      "timestamp": 1721569459558
    },
    {
      "action": "add",
      "id": "100087554929691",
      "timestamp": 1721570745849
    },
    {
      "action": "add",
      "id": "100087554929691",
      "timestamp": 1721653606426
    },
    {
      "action": "add",
      "id": "100087554929691",
      "timestamp": 1721657115566
    },
    {
      "action": "add",
      "id": "61562105772487",
      "timestamp": 1721657164224
    },
    {
      "action": "add",
      "id": "100087554929691",
      "timestamp": 1721742753517
    },
    {
      "action": "add",
      "id": "100077631264036",
      "timestamp": 1721796620288
    },
    {
      "action": "add",
      "id": "100077723714245",
      "timestamp": 1721831136702
    },
    {
      "action": "add",
      "id": "100092356190871",
      "timestamp": 1721879465962
    },
    {
      "action": "add",
      "id": "100075624125533",
      "timestamp": 1722166748701
    },
    {
      "action": "add",
      "id": "100017915642818",
      "timestamp": 1722166748701
    },
    {
      "action": "add",
      "id": "100049012998491",
      "timestamp": 1722173728015
    },
    {
      "action": "add",
      "id": "100087554929691",
      "timestamp": 1722332178229
    },
    {
      "action": "add",
      "id": "100021167569915",
      "timestamp": 1722832654001
    },
    {
      "action": "add",
      "id": "100024491531938",
      "timestamp": 1722832654001
    },
    {
      "action": "add",
      "id": "61553824590143",
      "timestamp": 1722832654001
    },
    {
      "action": "add",
      "id": "61552078566953",
      "timestamp": 1722832654001
    },
    {
      "action": "add",
      "id": "100076432551160",
      "timestamp": 1722832654001
    },
    {
      "action": "add",
      "id": "61554508231138",
      "timestamp": 1722832654001
    },
    {
      "action": "add",
      "id": "61557702516996",
      "timestamp": 1722832654001
    },
    {
      "action": "add",
      "id": "100080158196027",
      "timestamp": 1722832654001
    },
    {
      "action": "add",
      "id": "100094299257785",
      "timestamp": 1722832654001
    },
    {
      "action": "add",
      "id": "100094318606250",
      "timestamp": 1722832654001
    },
    {
      "action": "add",
      "id": "61563425472680",
      "timestamp": 1722832654001
    },
    {
      "action": "add",
      "id": "61557703283982",
      "timestamp": 1722832654001
    },
    {
      "action": "add",
      "id": "100081913836522",
      "timestamp": 1722832654001
    },
    {
      "action": "add",
      "id": "100088526307110",
      "timestamp": 1722832654001
    },
    {
      "action": "add",
      "id": "100011698211339",
      "timestamp": 1722832654001
    },
    {
      "action": "add",
      "id": "61559973937269",
      "timestamp": 1722832654001
    },
    {
      "action": "add",
      "id": "100088652365039",
      "timestamp": 1722832654001
    },
    {
      "action": "add",
      "id": "100092441497953",
      "timestamp": 1722832654001
    },
    {
      "action": "add",
      "id": "100089979492342",
      "timestamp": 1722832654001
    },
    {
      "action": "add",
      "id": "100089533309155",
      "timestamp": 1722834757626
    },
    {
      "action": "add",
      "id": "100056550645125",
      "timestamp": 1722901292623
    },
    {
      "action": "add",
      "id": "100023794421964",
      "timestamp": 1722911817264
    },
    {
      "action": "add",
      "id": "100080158196027",
      "timestamp": 1722919859619
    },
    {
      "action": "add",
      "id": "61556937037064",
      "timestamp": 1722940786765
    },
    {
      "action": "add",
      "id": "100056844904165",
      "timestamp": 1722940850371
    },
    {
      "action": "add",
      "id": "100077723714245",
      "timestamp": 1722946044490
    },
    {
      "action": "add",
      "id": "100088526307110",
      "timestamp": 1723045117699
    },
    {
      "action": "add",
      "id": "100081874894784",
      "timestamp": 1723045117699
    },
    {
      "action": "add",
      "id": "61562106502403",
      "timestamp": 1723045117699
    },
    {
      "action": "add",
      "id": "100077723714245",
      "timestamp": 1723049738781
    },
    {
      "action": "add",
      "id": "100088879905802",
      "timestamp": 1723076829636
    },
    {
      "action": "add",
      "id": "100077631264036",
      "timestamp": 1723094011081
    },
    {
      "action": "add",
      "id": "100077723714245",
      "timestamp": 1723094011081
    },
    {
      "action": "add",
      "id": "61564031005261",
      "timestamp": 1723106083204
    },
    {
      "action": "add",
      "id": "61550503082873",
      "timestamp": 1723122906499
    },
    {
      "action": "add",
      "id": "100088665214110",
      "timestamp": 1723184210986
    },
    {
      "action": "add",
      "id": "100088526307110",
      "timestamp": 1723199361288
    }
  ]
}