{
  "user": [
    {
      "id": "100022706612065",
      "timestamp": 1720026001137
    },
    {
      "id": "100074352999207",
      "timestamp": 1720026001137
    },
    {
      "id": "1631016269",
      "timestamp": 1720026001138
    },
    {
      "id": "61559094248643",
      "timestamp": 1720026001138
    },
    {
      "id": "1270787329",
      "timestamp": 1720026001138
    }
  ],
  "history": [
    {
      "action": "add",
      "id": "100022706612065",
      "timestamp": 1720026001137
    },
    {
      "action": "add",
      "id": "100074352999207",
      "timestamp": 1720026001138
    },
    {
      "action": "add",
      "id": "100068096370437",
      "timestamp": 1720026001138
    },
    {
      "action": "add",
      "id": "1631016269",
      "timestamp": 1720026001138
    },
    {
      "action": "add",
      "id": "61559094248643",
      "timestamp": 1720026001138
    },
    {
      "action": "add",
      "id": "1270787329",
      "timestamp": 1720026001138
    }
  ]
}